{
  "chart": {
    "title": "Global deaths by infectious syndrome and antimicrobial resistance",
    "subtitle": "Deaths from infectious diseases, broken down by whether they could be prevented without antimicrobial resistance. Estimates are based on models of causes of death, infection types, pathogens, resistance levels, and their impact on infection duration and complications. Estimates are limited by poor data collection in many regions.",
    "note": "\"Other deaths\" include deaths not attributed to resistance or not assessed for resistance. Deaths can be caused by multiple syndromes, so the sum of deaths attributed to each syndrome shown here can exceed the total number of deaths.",
    "citation": "Institute for Health Metrics and Evaluation (IHME); University of Oxford (2024)",
    "originalChartUrl": "https://ourworldindata.org/grapher/global-deaths-by-syndrome-and-antimicrobial-resistance?v=1&csvType=full&useColumnShortNames=false",
    "selection": [
      "Endocarditis",
      "Infections of bones, joints, and related organs",
      "Infections of the skin and subcutaneous systems",
      "Peritoneal and intra-abdominal infections",
      "Lower respiratory infections",
      "Meningitis",
      "Tuberculosis",
      "Typhoid fever, paratyphoid fever, and invasive non-typhoidal Salmonella",
      "Urinary tract infections and pyelonephritis",
      "Diarrhea",
      "Bone and joint infections",
      "Abdominal infections",
      "Bloodstream infections",
      "Kidney and urinary tract infections",
      "Skin infections",
      "Typhoid, paratyphoid, and iNTS"
    ]
  },
  "columns": {
    "Total deaths from infections not attributed to AMR, by syndrome": {
      "titleShort": "Total deaths from infections not attributed to AMR, by syndrome",
      "titleLong": "Total deaths from infections not attributed to AMR, by syndrome",
      "descriptionShort": "Estimated number of deaths each year from infections that are not attributed to antimicrobial resistance.",
      "unit": "deaths",
      "timespan": "2021-2021",
      "type": "Numeric",
      "owidVariableId": 1002838,
      "shortName": "non_amr_attributable_deaths",
      "lastUpdated": "2024-12-05",
      "nextUpdate": "2025-12-05",
      "citationShort": "Institute for Health Metrics and Evaluation (IHME); University of Oxford (2024) – processed by Our World in Data",
      "citationLong": "Institute for Health Metrics and Evaluation (IHME); University of Oxford (2024) – processed by Our World in Data. “Total deaths from infections not attributed to AMR, by syndrome” [dataset]. Institute for Health Metrics and Evaluation (IHME); University of Oxford, “Total deaths by syndrome”; Institute for Health Metrics and Evaluation (IHME); University of Oxford, “Total deaths by syndrome and antimicrobial resistance” [original data].",
      "fullMetadata": "https://api.ourworldindata.org/v1/indicators/1002838.metadata.json"
    },
    "Total deaths from infections attributed to AMR, by syndrome": {
      "titleShort": "Total deaths from infections attributed to AMR, by syndrome",
      "titleLong": "Total deaths from infections attributed to AMR, by syndrome",
      "descriptionShort": "Estimated number of deaths each year from infections that are attributed to antimicrobial resistance.",
      "unit": "deaths",
      "timespan": "2021-2021",
      "type": "Numeric",
      "owidVariableId": 1002836,
      "shortName": "amr_attributable_deaths",
      "lastUpdated": "2024-12-05",
      "nextUpdate": "2025-12-05",
      "citationShort": "Institute for Health Metrics and Evaluation (IHME); University of Oxford (2024) – processed by Our World in Data",
      "citationLong": "Institute for Health Metrics and Evaluation (IHME); University of Oxford (2024) – processed by Our World in Data. “Total deaths from infections attributed to AMR, by syndrome” [dataset]. Institute for Health Metrics and Evaluation (IHME); University of Oxford, “Total deaths by syndrome and antimicrobial resistance” [original data].",
      "fullMetadata": "https://api.ourworldindata.org/v1/indicators/1002836.metadata.json"
    }
  },
  "dateDownloaded": "2025-05-08",
  "activeFilters": {}
}