{
  "chart": {
    "title": "Share of women defined as underweight, healthy, overweight or obese",
    "subtitle": "Share of women (% of adult population), who are underweight, healthy/normal, overweight or obese based on body mass index (BMI). Body Mass Index (BMI) is a person's weight divided by their height squared. The WHO define a BMI <=18.5 as underweight; 18.6 to 25.0 as normal/healthy; 25.1 to 30 as overweight; and >30.0 as obese.",
    "citation": "NCD RisC",
    "originalChartUrl": "https://ourworldindata.org/grapher/share-of-women-defined-as-underweight-healthy-overweight-or-obese?v=1&csvType=full&useColumnShortNames=false",
    "selection": [
      "World"
    ]
  },
  "columns": {
    "Underweight (NCDRisC (2017))": {
      "titleShort": "Underweight",
      "titleLong": "Underweight",
      "unit": "%",
      "timespan": "1975-2014",
      "type": "Numeric",
      "owidVariableId": 3609,
      "citationShort": " – processed by Our World in Data",
      "citationLong": " – processed by Our World in Data. “Underweight” [dataset]. Prevalence of weight categories in females - NCDRisC (2017) [original data].",
      "fullMetadata": "https://api.ourworldindata.org/v1/indicators/3609.metadata.json"
    },
    "Healthy (NCDRisC (2017))": {
      "titleShort": "Healthy",
      "titleLong": "Healthy",
      "unit": "%",
      "timespan": "1975-2014",
      "type": "Numeric",
      "owidVariableId": 3610,
      "citationShort": " – processed by Our World in Data",
      "citationLong": " – processed by Our World in Data. “Healthy” [dataset]. Prevalence of weight categories in females - NCDRisC (2017) [original data].",
      "fullMetadata": "https://api.ourworldindata.org/v1/indicators/3610.metadata.json"
    },
    "Overweight or Obese (NCDRisC (2017))": {
      "titleShort": "Overweight or Obese",
      "titleLong": "Overweight or Obese",
      "shortUnit": "%",
      "unit": "%",
      "timespan": "1975-2014",
      "type": "Numeric",
      "owidVariableId": 3613,
      "citationShort": " – processed by Our World in Data",
      "citationLong": " – processed by Our World in Data. “Overweight or Obese” [dataset]. Prevalence of weight categories in females - NCDRisC (2017) [original data].",
      "fullMetadata": "https://api.ourworldindata.org/v1/indicators/3613.metadata.json"
    }
  },
  "dateDownloaded": "2025-05-08",
  "activeFilters": {}
}