{
  "chart": {
    "title": "Depressive symptoms across the US population",
    "subtitle": "Survey respondents were asked how frequently they had these symptoms in the previous two weeks.",
    "citation": "Tomitaka et al. (2018)",
    "originalChartUrl": "https://ourworldindata.org/grapher/depressive-symptoms-across-us-population?v=1&csvType=full&useColumnShortNames=false",
    "selection": [
      "Low energy",
      "Sleep problems",
      "Loss of interest",
      "Appetite change",
      "Depressed mood",
      "Difficulty concentrating",
      "Low self-esteem",
      "Psychomotor agitation",
      "Suicidal ideation"
    ]
  },
  "columns": {
    "Nearly every day": {
      "titleShort": "Nearly every day",
      "titleLong": "Nearly every day",
      "descriptionKey": [],
      "shortUnit": "%",
      "unit": "%",
      "timespan": "2014-2014",
      "type": "Numeric",
      "owidVariableId": 852119,
      "shortName": "nearly_every_day",
      "lastUpdated": "2024-03-27",
      "citationShort": "Tomitaka et al. (2018) – processed by Our World in Data",
      "citationLong": "Tomitaka et al. (2018) – processed by Our World in Data. “Nearly every day” [dataset]. Tomitaka et al., “Symptoms of depression” [original data].",
      "fullMetadata": "https://api.ourworldindata.org/v1/indicators/852119.metadata.json"
    },
    "More than half the days": {
      "titleShort": "More than half the days",
      "titleLong": "More than half the days",
      "descriptionKey": [],
      "shortUnit": "%",
      "unit": "%",
      "timespan": "2014-2014",
      "type": "Numeric",
      "owidVariableId": 852118,
      "shortName": "more_than_half_the_days",
      "lastUpdated": "2024-03-27",
      "citationShort": "Tomitaka et al. (2018) – processed by Our World in Data",
      "citationLong": "Tomitaka et al. (2018) – processed by Our World in Data. “More than half the days” [dataset]. Tomitaka et al., “Symptoms of depression” [original data].",
      "fullMetadata": "https://api.ourworldindata.org/v1/indicators/852118.metadata.json"
    },
    "Several days": {
      "titleShort": "Several days",
      "titleLong": "Several days",
      "descriptionKey": [],
      "shortUnit": "%",
      "unit": "%",
      "timespan": "2014-2014",
      "type": "Numeric",
      "owidVariableId": 852117,
      "shortName": "several_days",
      "lastUpdated": "2024-03-27",
      "citationShort": "Tomitaka et al. (2018) – processed by Our World in Data",
      "citationLong": "Tomitaka et al. (2018) – processed by Our World in Data. “Several days” [dataset]. Tomitaka et al., “Symptoms of depression” [original data].",
      "fullMetadata": "https://api.ourworldindata.org/v1/indicators/852117.metadata.json"
    },
    "Not at all": {
      "titleShort": "Not at all",
      "titleLong": "Not at all",
      "descriptionKey": [],
      "shortUnit": "%",
      "unit": "%",
      "timespan": "2014-2014",
      "type": "Numeric",
      "owidVariableId": 852116,
      "shortName": "not_at_all",
      "lastUpdated": "2024-03-27",
      "citationShort": "Tomitaka et al. (2018) – processed by Our World in Data",
      "citationLong": "Tomitaka et al. (2018) – processed by Our World in Data. “Not at all” [dataset]. Tomitaka et al., “Symptoms of depression” [original data].",
      "fullMetadata": "https://api.ourworldindata.org/v1/indicators/852116.metadata.json"
    }
  },
  "dateDownloaded": "2025-05-08",
  "activeFilters": {}
}