{
  "chart": {
    "title": "Statin use vs death rate from cardiovascular diseases",
    "subtitle": "The use of [statins](#dod:statins) in the population, measured in [Defined Daily Doses](#dod:defined-daily-doses) per 1,000 people. This is compared to the reported annual death rate from [cardiovascular diseases](#dod:cvd) per 100,000 people, based on the [underlying cause](#dod:underlying-cause-of-death) listed on death certificates.",
    "note": "To allow for comparisons between countries and over time, the metrics are [age-standardized](#dod:age_standardized). Statin use was estimated from purchases by stores and hospitals and, in special cases like the United Kingdom, data on prescriptions for patients. All deaths in a country may not have been registered with a [cause of death](#dod:underlying-cause-of-death).",
    "citation": "Guadamuz, Shooshtari and Qato (2022); WHO Mortality Database (2024)",
    "originalChartUrl": "https://ourworldindata.org/grapher/statin-use-cardiovascular-disease-death-rate?v=1&csvType=full&useColumnShortNames=false",
    "selection": []
  },
  "columns": {
    "Statin use": {
      "titleShort": "Statin use",
      "titleLong": "Statin use",
      "descriptionShort": "Based on purchases made by stores and hospitals in 52 countries and, in special cases like the UK, using data about the volume given to patients.",
      "descriptionKey": [],
      "descriptionProcessing": "The 2019 data addresses evaluations of statin utilization estimates from October 2019 to March 2020, while the 2020 data pertains to assessments conducted from April 2020 to October 2020.",
      "shortUnit": "",
      "unit": "DDD (defined daily doses) per 1000 population",
      "timespan": "2019-2020",
      "type": "Numeric",
      "owidVariableId": 815285,
      "shortName": "statin_use",
      "lastUpdated": "2023-10-05",
      "citationShort": "Guadamuz, Shooshtari and Qato (2022) – with minor processing by Our World in Data",
      "citationLong": "Guadamuz, Shooshtari and Qato (2022) – with minor processing by Our World in Data. “Statin use” [dataset]. Guadamuz, Shooshtari and Qato, “Global, regional and national trends in statin utilisation in high-income and low/middle-income countries, 2015-2020.” [original data].",
      "fullMetadata": "https://api.ourworldindata.org/v1/indicators/815285.metadata.json"
    },
    "Age-standardized deaths from cardiovascular diseases in both sexes in those aged all ages per 100,000 people": {
      "titleShort": "Cardiovascular diseases death rate",
      "titleLong": "Cardiovascular diseases death rate",
      "descriptionShort": "Reported deaths from cardiovascular diseases in both sexes in those aged all ages per 100,000 people.",
      "descriptionKey": [
        "The International Classification of Diseases (Version 10) codes that define cardiovascular diseases are I00-I99."
      ],
      "unit": "deaths per 100,000 people",
      "timespan": "1950-2022",
      "type": "Numeric",
      "owidVariableId": 955881,
      "shortName": "age_standardized_death_rate_per_100_000_standard_population__sex_both_sexes__age_group_all_ages__cause_cardiovascular_diseases__icd10_codes_i00_i99",
      "lastUpdated": "2024-07-26",
      "nextUpdate": "2025-07-26",
      "citationShort": "WHO Mortality Database (2024) – with minor processing by Our World in Data",
      "citationLong": "WHO Mortality Database (2024) – with minor processing by Our World in Data. “Cardiovascular diseases death rate” [dataset]. WHO Mortality Database, “WHO Mortality Database” [original data].",
      "fullMetadata": "https://api.ourworldindata.org/v1/indicators/955881.metadata.json"
    },
    "Population": {
      "titleShort": "Population",
      "titleLong": "Population",
      "descriptionShort": "Population by country, available from 10,000 BCE to 2100, based on data and estimates from different sources.",
      "descriptionProcessing": "The population data is constructed by combining data from multiple sources:\n\n- 10,000 BCE - 1799: Historical estimates by HYDE (v3.3).\n\n- 1800 - 1949: Historical estimates by Gapminder (v7).\n\n- 1950-2023: Population records by the UN World Population Prospects (2024 revision).\n\n- 2024-2100: Projections based on Medium variant by the UN World Population Prospects (2024 revision).",
      "shortUnit": "",
      "unit": "people",
      "timespan": "-10000-2100",
      "type": "Integer",
      "owidVariableId": 953899,
      "shortName": "population",
      "lastUpdated": "2024-07-15",
      "nextUpdate": "2026-07-15",
      "citationShort": "HYDE (2023); Gapminder (2022); UN WPP (2024) – with major processing by Our World in Data",
      "citationLong": "HYDE (2023); Gapminder (2022); UN WPP (2024) – with major processing by Our World in Data. “Population” [dataset]. PBL Netherlands Environmental Assessment Agency, “History Database of the Global Environment 3.3”; Gapminder, “Population v7”; United Nations, “World Population Prospects”; Gapminder, “Systema Globalis” [original data].",
      "fullMetadata": "https://api.ourworldindata.org/v1/indicators/953899.metadata.json"
    },
    "World regions according to OWID": {
      "titleShort": "World regions according to OWID",
      "titleLong": "World regions according to OWID",
      "descriptionKey": [],
      "unit": "",
      "timespan": "2023-2023",
      "type": "Continent",
      "owidVariableId": 900801,
      "shortName": "owid_region",
      "lastUpdated": "2023-01-01",
      "citationShort": "Our World in Data – processed by Our World in Data",
      "citationLong": "Our World in Data – processed by Our World in Data. “World regions according to OWID” [dataset]. Our World in Data, “Regions” [original data].",
      "fullMetadata": "https://api.ourworldindata.org/v1/indicators/900801.metadata.json"
    }
  },
  "dateDownloaded": "2025-05-08",
  "activeFilters": {}
}