Entity,Code,Year,Antibiotic usage in children
Afghanistan,AFG,2000,63.8
Afghanistan,AFG,2001,63.8
Afghanistan,AFG,2002,63.9
Afghanistan,AFG,2003,65.4
Afghanistan,AFG,2004,65.6
Afghanistan,AFG,2005,66
Afghanistan,AFG,2006,66.4
Afghanistan,AFG,2007,67.2
Afghanistan,AFG,2008,65.6
Afghanistan,AFG,2009,67.4
Afghanistan,AFG,2010,66.3
Afghanistan,AFG,2011,65.7
Afghanistan,AFG,2012,65.2
Afghanistan,AFG,2013,64.8
Afghanistan,AFG,2014,64.5
Afghanistan,AFG,2015,64.2
Afghanistan,AFG,2016,63.3
Afghanistan,AFG,2017,64.4
Afghanistan,AFG,2018,63.5
Albania,ALB,2000,64.1
Albania,ALB,2001,62.5
Albania,ALB,2002,60.4
Albania,ALB,2003,63
Albania,ALB,2004,63.7
Albania,ALB,2005,73.5
Albania,ALB,2006,72.8
Albania,ALB,2007,72.3
Albania,ALB,2008,73.5
Albania,ALB,2009,71.3
Albania,ALB,2010,78.6
Albania,ALB,2011,78
Albania,ALB,2012,77.4
Albania,ALB,2013,77.4
Albania,ALB,2014,74.7
Albania,ALB,2015,75.1
Albania,ALB,2016,73.9
Albania,ALB,2017,73
Albania,ALB,2018,72.2
Algeria,DZA,2000,56.7
Algeria,DZA,2001,56.7
Algeria,DZA,2002,57.1
Algeria,DZA,2003,56.6
Algeria,DZA,2004,63
Algeria,DZA,2005,63.2
Algeria,DZA,2006,61.2
Algeria,DZA,2007,62.4
Algeria,DZA,2008,62.1
Algeria,DZA,2009,62.2
Algeria,DZA,2010,62.3
Algeria,DZA,2011,62.8
Algeria,DZA,2012,63.7
Algeria,DZA,2013,65.3
Algeria,DZA,2014,64.4
Algeria,DZA,2015,63.9
Algeria,DZA,2016,63.4
Algeria,DZA,2017,60.3
Algeria,DZA,2018,60.5
American Samoa,ASM,2000,50.9
American Samoa,ASM,2001,50.3
American Samoa,ASM,2002,50.5
American Samoa,ASM,2003,51.1
American Samoa,ASM,2004,50.3
American Samoa,ASM,2005,50.9
American Samoa,ASM,2006,49.9
American Samoa,ASM,2007,51
American Samoa,ASM,2008,51.4
American Samoa,ASM,2009,52.5
American Samoa,ASM,2010,51.8
American Samoa,ASM,2011,50.7
American Samoa,ASM,2012,50
American Samoa,ASM,2013,50.5
American Samoa,ASM,2014,50.8
American Samoa,ASM,2015,50.9
American Samoa,ASM,2016,51.2
American Samoa,ASM,2017,51.4
American Samoa,ASM,2018,51
Angola,AGO,2000,32.9
Angola,AGO,2001,35.2
Angola,AGO,2002,35.9
Angola,AGO,2003,35
Angola,AGO,2004,35.2
Angola,AGO,2005,34.3
Angola,AGO,2006,34.9
Angola,AGO,2007,34.3
Angola,AGO,2008,36.4
Angola,AGO,2009,38
Angola,AGO,2010,38.9
Angola,AGO,2011,39.7
Angola,AGO,2012,39.7
Angola,AGO,2013,41.2
Angola,AGO,2014,41.6
Angola,AGO,2015,41.5
Angola,AGO,2016,42.5
Angola,AGO,2017,43.1
Angola,AGO,2018,43.2
Armenia,ARM,2000,50.2
Armenia,ARM,2001,53.9
Armenia,ARM,2002,52.8
Armenia,ARM,2003,52.3
Armenia,ARM,2004,50.8
Armenia,ARM,2005,48.4
Armenia,ARM,2006,46
Armenia,ARM,2007,43.9
Armenia,ARM,2008,45.9
Armenia,ARM,2009,46.9
Armenia,ARM,2010,45.1
Armenia,ARM,2011,50.2
Armenia,ARM,2012,48.9
Armenia,ARM,2013,48.4
Armenia,ARM,2014,48.5
Armenia,ARM,2015,47.8
Armenia,ARM,2016,47.4
Armenia,ARM,2017,46.5
Armenia,ARM,2018,45.5
Azerbaijan,AZE,2000,61.2
Azerbaijan,AZE,2001,61.8
Azerbaijan,AZE,2002,62.1
Azerbaijan,AZE,2003,62.1
Azerbaijan,AZE,2004,63.1
Azerbaijan,AZE,2005,63.4
Azerbaijan,AZE,2006,63.4
Azerbaijan,AZE,2007,63
Azerbaijan,AZE,2008,63.8
Azerbaijan,AZE,2009,63.8
Azerbaijan,AZE,2010,65.5
Azerbaijan,AZE,2011,63.6
Azerbaijan,AZE,2012,60.9
Azerbaijan,AZE,2013,58.8
Azerbaijan,AZE,2014,48
Azerbaijan,AZE,2015,47.7
Azerbaijan,AZE,2016,47.6
Azerbaijan,AZE,2017,47.1
Azerbaijan,AZE,2018,47.5
Bangladesh,BGD,2000,55.6
Bangladesh,BGD,2001,65.1
Bangladesh,BGD,2002,66.7
Bangladesh,BGD,2003,68.5
Bangladesh,BGD,2004,69.5
Bangladesh,BGD,2005,70.5
Bangladesh,BGD,2006,69
Bangladesh,BGD,2007,70.8
Bangladesh,BGD,2008,71
Bangladesh,BGD,2009,69.3
Bangladesh,BGD,2010,66.2
Bangladesh,BGD,2011,69.3
Bangladesh,BGD,2012,69.4
Bangladesh,BGD,2013,77.1
Bangladesh,BGD,2014,66.2
Bangladesh,BGD,2015,71.5
Bangladesh,BGD,2016,71
Bangladesh,BGD,2017,72.6
Bangladesh,BGD,2018,72.7
Belarus,BLR,2000,67.9
Belarus,BLR,2001,72.2
Belarus,BLR,2002,72.7
Belarus,BLR,2003,70.5
Belarus,BLR,2004,70.9
Belarus,BLR,2005,70.1
Belarus,BLR,2006,73.5
Belarus,BLR,2007,76.2
Belarus,BLR,2008,75.3
Belarus,BLR,2009,79.8
Belarus,BLR,2010,79.8
Belarus,BLR,2011,78.9
Belarus,BLR,2012,76.8
Belarus,BLR,2013,70.7
Belarus,BLR,2014,72.6
Belarus,BLR,2015,78.9
Belarus,BLR,2016,79.4
Belarus,BLR,2017,79.3
Belarus,BLR,2018,79.2
Belize,BLZ,2000,43.9
Belize,BLZ,2001,45
Belize,BLZ,2002,46.1
Belize,BLZ,2003,44.4
Belize,BLZ,2004,44.7
Belize,BLZ,2005,45.8
Belize,BLZ,2006,45.8
Belize,BLZ,2007,46.5
Belize,BLZ,2008,48.5
Belize,BLZ,2009,48.4
Belize,BLZ,2010,48.1
Belize,BLZ,2011,45.9
Belize,BLZ,2012,46.4
Belize,BLZ,2013,44.9
Belize,BLZ,2014,44.9
Belize,BLZ,2015,45.6
Belize,BLZ,2016,46.3
Belize,BLZ,2017,45.6
Belize,BLZ,2018,45.6
Benin,BEN,2000,28.4
Benin,BEN,2001,29.8
Benin,BEN,2002,30
Benin,BEN,2003,30.6
Benin,BEN,2004,31.4
Benin,BEN,2005,31.3
Benin,BEN,2006,30.6
Benin,BEN,2007,34
Benin,BEN,2008,31.9
Benin,BEN,2009,36.7
Benin,BEN,2010,42
Benin,BEN,2011,42.5
Benin,BEN,2012,38.6
Benin,BEN,2013,36.7
Benin,BEN,2014,35.1
Benin,BEN,2015,29.7
Benin,BEN,2016,27.7
Benin,BEN,2017,25.2
Benin,BEN,2018,30.1
Bhutan,BTN,2000,39.2
Bhutan,BTN,2001,44.2
Bhutan,BTN,2002,45.2
Bhutan,BTN,2003,46.1
Bhutan,BTN,2004,46.5
Bhutan,BTN,2005,47.9
Bhutan,BTN,2006,48.1
Bhutan,BTN,2007,48.7
Bhutan,BTN,2008,50.5
Bhutan,BTN,2009,51.4
Bhutan,BTN,2010,53.4
Bhutan,BTN,2011,49
Bhutan,BTN,2012,51
Bhutan,BTN,2013,55.2
Bhutan,BTN,2014,54.8
Bhutan,BTN,2015,53.3
Bhutan,BTN,2016,55.5
Bhutan,BTN,2017,54.8
Bhutan,BTN,2018,55.6
Bolivia,BOL,2000,47.1
Bolivia,BOL,2001,47.3
Bolivia,BOL,2002,47.7
Bolivia,BOL,2003,47.2
Bolivia,BOL,2004,47
Bolivia,BOL,2005,46.5
Bolivia,BOL,2006,46.1
Bolivia,BOL,2007,45.7
Bolivia,BOL,2008,45.2
Bolivia,BOL,2009,46.1
Bolivia,BOL,2010,47.3
Bolivia,BOL,2011,46.4
Bolivia,BOL,2012,47
Bolivia,BOL,2013,48.5
Bolivia,BOL,2014,49.3
Bolivia,BOL,2015,50
Bolivia,BOL,2016,46.4
Bolivia,BOL,2017,46.4
Bolivia,BOL,2018,47.5
Bosnia and Herzegovina,BIH,2000,75.5
Bosnia and Herzegovina,BIH,2001,76.3
Bosnia and Herzegovina,BIH,2002,75.5
Bosnia and Herzegovina,BIH,2003,77.1
Bosnia and Herzegovina,BIH,2004,75.6
Bosnia and Herzegovina,BIH,2005,72.4
Bosnia and Herzegovina,BIH,2006,76.2
Bosnia and Herzegovina,BIH,2007,75.8
Bosnia and Herzegovina,BIH,2008,76.4
Bosnia and Herzegovina,BIH,2009,77.4
Bosnia and Herzegovina,BIH,2010,77.7
Bosnia and Herzegovina,BIH,2011,78.4
Bosnia and Herzegovina,BIH,2012,76.6
Bosnia and Herzegovina,BIH,2013,74.1
Bosnia and Herzegovina,BIH,2014,73.7
Bosnia and Herzegovina,BIH,2015,78.3
Bosnia and Herzegovina,BIH,2016,80.3
Bosnia and Herzegovina,BIH,2017,79.3
Bosnia and Herzegovina,BIH,2018,79.3
Botswana,BWA,2000,41.1
Botswana,BWA,2001,38.1
Botswana,BWA,2002,41.1
Botswana,BWA,2003,40.9
Botswana,BWA,2004,38
Botswana,BWA,2005,41.6
Botswana,BWA,2006,43.8
Botswana,BWA,2007,44.4
Botswana,BWA,2008,44.6
Botswana,BWA,2009,44.9
Botswana,BWA,2010,45.3
Botswana,BWA,2011,45.6
Botswana,BWA,2012,43.4
Botswana,BWA,2013,42.5
Botswana,BWA,2014,44
Botswana,BWA,2015,41.2
Botswana,BWA,2016,40.2
Botswana,BWA,2017,39
Botswana,BWA,2018,39.5
Brazil,BRA,2000,48.5
Brazil,BRA,2001,48.7
Brazil,BRA,2002,48.7
Brazil,BRA,2003,48.7
Brazil,BRA,2004,48.2
Brazil,BRA,2005,48.5
Brazil,BRA,2006,48.6
Brazil,BRA,2007,48.8
Brazil,BRA,2008,48.7
Brazil,BRA,2009,48.7
Brazil,BRA,2010,49.1
Brazil,BRA,2011,49.1
Brazil,BRA,2012,49.4
Brazil,BRA,2013,50.1
Brazil,BRA,2014,50.5
Brazil,BRA,2015,51.3
Brazil,BRA,2016,51.8
Brazil,BRA,2017,51.6
Brazil,BRA,2018,51.4
Bulgaria,BGR,2000,63.4
Bulgaria,BGR,2001,65.5
Bulgaria,BGR,2002,65.1
Bulgaria,BGR,2003,65
Bulgaria,BGR,2004,65.2
Bulgaria,BGR,2005,66.8
Bulgaria,BGR,2006,65.1
Bulgaria,BGR,2007,63.3
Bulgaria,BGR,2008,70.2
Bulgaria,BGR,2009,71.2
Bulgaria,BGR,2010,71.8
Bulgaria,BGR,2011,71.3
Bulgaria,BGR,2012,66.8
Bulgaria,BGR,2013,67.8
Bulgaria,BGR,2014,70.6
Bulgaria,BGR,2015,65.9
Bulgaria,BGR,2016,65.7
Bulgaria,BGR,2017,64.5
Bulgaria,BGR,2018,64.1
Burkina Faso,BFA,2000,47.9
Burkina Faso,BFA,2001,49.2
Burkina Faso,BFA,2002,50.6
Burkina Faso,BFA,2003,50.9
Burkina Faso,BFA,2004,51.2
Burkina Faso,BFA,2005,51.3
Burkina Faso,BFA,2006,52.1
Burkina Faso,BFA,2007,52.4
Burkina Faso,BFA,2008,53.7
Burkina Faso,BFA,2009,53.6
Burkina Faso,BFA,2010,53
Burkina Faso,BFA,2011,50.8
Burkina Faso,BFA,2012,48.9
Burkina Faso,BFA,2013,52.7
Burkina Faso,BFA,2014,58.3
Burkina Faso,BFA,2015,49.2
Burkina Faso,BFA,2016,48.8
Burkina Faso,BFA,2017,49.8
Burkina Faso,BFA,2018,48.3
Burundi,BDI,2000,39.6
Burundi,BDI,2001,38.3
Burundi,BDI,2002,42
Burundi,BDI,2003,38.9
Burundi,BDI,2004,29.6
Burundi,BDI,2005,27.2
Burundi,BDI,2006,31
Burundi,BDI,2007,33.4
Burundi,BDI,2008,35.1
Burundi,BDI,2009,35.5
Burundi,BDI,2010,34.5
Burundi,BDI,2011,34.9
Burundi,BDI,2012,35.4
Burundi,BDI,2013,34.3
Burundi,BDI,2014,34.3
Burundi,BDI,2015,34.5
Burundi,BDI,2016,32.6
Burundi,BDI,2017,33.8
Burundi,BDI,2018,35
Cambodia,KHM,2000,62.7
Cambodia,KHM,2001,67.2
Cambodia,KHM,2002,70.8
Cambodia,KHM,2003,72.3
Cambodia,KHM,2004,66.4
Cambodia,KHM,2005,68.6
Cambodia,KHM,2006,68.4
Cambodia,KHM,2007,68.6
Cambodia,KHM,2008,66.3
Cambodia,KHM,2009,67
Cambodia,KHM,2010,68
Cambodia,KHM,2011,66.8
Cambodia,KHM,2012,68.9
Cambodia,KHM,2013,78.3
Cambodia,KHM,2014,81.2
Cambodia,KHM,2015,80.3
Cambodia,KHM,2016,79.2
Cambodia,KHM,2017,77.6
Cambodia,KHM,2018,77.2
Cameroon,CMR,2000,38.4
Cameroon,CMR,2001,38.8
Cameroon,CMR,2002,39.3
Cameroon,CMR,2003,41.2
Cameroon,CMR,2004,41.8
Cameroon,CMR,2005,42.8
Cameroon,CMR,2006,44.7
Cameroon,CMR,2007,43.4
Cameroon,CMR,2008,44.3
Cameroon,CMR,2009,46.2
Cameroon,CMR,2010,49.2
Cameroon,CMR,2011,51.5
Cameroon,CMR,2012,48.5
Cameroon,CMR,2013,47
Cameroon,CMR,2014,45.8
Cameroon,CMR,2015,42.7
Cameroon,CMR,2016,41
Cameroon,CMR,2017,38.6
Cameroon,CMR,2018,41.3
Cape Verde,CPV,2000,46.9
Cape Verde,CPV,2001,47.3
Cape Verde,CPV,2002,47.3
Cape Verde,CPV,2003,47.6
Cape Verde,CPV,2004,47.6
Cape Verde,CPV,2005,48.3
Cape Verde,CPV,2006,49.2
Cape Verde,CPV,2007,50.1
Cape Verde,CPV,2008,48.6
Cape Verde,CPV,2009,49.1
Cape Verde,CPV,2010,48.6
Cape Verde,CPV,2011,50.2
Cape Verde,CPV,2012,49.2
Cape Verde,CPV,2013,50.2
Cape Verde,CPV,2014,50
Cape Verde,CPV,2015,48.8
Cape Verde,CPV,2016,49.4
Cape Verde,CPV,2017,48.6
Cape Verde,CPV,2018,49.3
Central African Republic,CAF,2000,34.2
Central African Republic,CAF,2001,34.2
Central African Republic,CAF,2002,34.1
Central African Republic,CAF,2003,35.1
Central African Republic,CAF,2004,35
Central African Republic,CAF,2005,35.1
Central African Republic,CAF,2006,35.2
Central African Republic,CAF,2007,35
Central African Republic,CAF,2008,35
Central African Republic,CAF,2009,34.7
Central African Republic,CAF,2010,33.9
Central African Republic,CAF,2011,33.6
Central African Republic,CAF,2012,33.8
Central African Republic,CAF,2013,33.8
Central African Republic,CAF,2014,34.1
Central African Republic,CAF,2015,34.8
Central African Republic,CAF,2016,35.1
Central African Republic,CAF,2017,34.9
Central African Republic,CAF,2018,34.8
Chad,TCD,2000,31.1
Chad,TCD,2001,30.2
Chad,TCD,2002,29.5
Chad,TCD,2003,28.8
Chad,TCD,2004,28.2
Chad,TCD,2005,27.4
Chad,TCD,2006,26
Chad,TCD,2007,27.9
Chad,TCD,2008,29
Chad,TCD,2009,30.2
Chad,TCD,2010,31.8
Chad,TCD,2011,31.3
Chad,TCD,2012,30.5
Chad,TCD,2013,29.8
Chad,TCD,2014,28.3
Chad,TCD,2015,28.7
Chad,TCD,2016,29.3
Chad,TCD,2017,29.1
Chad,TCD,2018,29.8
Colombia,COL,2000,51.3
Colombia,COL,2001,51.8
Colombia,COL,2002,52.1
Colombia,COL,2003,52
Colombia,COL,2004,51.9
Colombia,COL,2005,51.7
Colombia,COL,2006,51.5
Colombia,COL,2007,51.9
Colombia,COL,2008,52
Colombia,COL,2009,52.5
Colombia,COL,2010,53.3
Colombia,COL,2011,53.4
Colombia,COL,2012,54.1
Colombia,COL,2013,54.9
Colombia,COL,2014,54.6
Colombia,COL,2015,54.1
Colombia,COL,2016,53.6
Colombia,COL,2017,53.3
Colombia,COL,2018,53.1
Comoros,COM,2000,32.8
Comoros,COM,2001,32.4
Comoros,COM,2002,32.9
Comoros,COM,2003,34.5
Comoros,COM,2004,33.8
Comoros,COM,2005,34.4
Comoros,COM,2006,34.4
Comoros,COM,2007,32.9
Comoros,COM,2008,38.4
Comoros,COM,2009,37.7
Comoros,COM,2010,37.9
Comoros,COM,2011,37.9
Comoros,COM,2012,40.1
Comoros,COM,2013,46.1
Comoros,COM,2014,46
Comoros,COM,2015,44.8
Comoros,COM,2016,43.7
Comoros,COM,2017,44.7
Comoros,COM,2018,44.5
Congo,COG,2000,42.2
Congo,COG,2001,42.5
Congo,COG,2002,42.6
Congo,COG,2003,44.6
Congo,COG,2004,45.3
Congo,COG,2005,46.6
Congo,COG,2006,47.3
Congo,COG,2007,47.1
Congo,COG,2008,47.3
Congo,COG,2009,47.2
Congo,COG,2010,48.2
Congo,COG,2011,48
Congo,COG,2012,48.1
Congo,COG,2013,48.9
Congo,COG,2014,49.2
Congo,COG,2015,49.7
Congo,COG,2016,49.1
Congo,COG,2017,49.2
Congo,COG,2018,49.2
Costa Rica,CRI,2000,68.4
Costa Rica,CRI,2001,69.1
Costa Rica,CRI,2002,68.7
Costa Rica,CRI,2003,67.3
Costa Rica,CRI,2004,66.8
Costa Rica,CRI,2005,67.4
Costa Rica,CRI,2006,68.2
Costa Rica,CRI,2007,68.5
Costa Rica,CRI,2008,67.9
Costa Rica,CRI,2009,68
Costa Rica,CRI,2010,68.7
Costa Rica,CRI,2011,66.9
Costa Rica,CRI,2012,67.7
Costa Rica,CRI,2013,65.9
Costa Rica,CRI,2014,67.2
Costa Rica,CRI,2015,66.9
Costa Rica,CRI,2016,67.2
Costa Rica,CRI,2017,67.5
Costa Rica,CRI,2018,67.3
Cote d'Ivoire,CIV,2000,24.5
Cote d'Ivoire,CIV,2001,25
Cote d'Ivoire,CIV,2002,24
Cote d'Ivoire,CIV,2003,22.7
Cote d'Ivoire,CIV,2004,22.3
Cote d'Ivoire,CIV,2005,20.8
Cote d'Ivoire,CIV,2006,20
Cote d'Ivoire,CIV,2007,22.1
Cote d'Ivoire,CIV,2008,24.8
Cote d'Ivoire,CIV,2009,26.5
Cote d'Ivoire,CIV,2010,28.2
Cote d'Ivoire,CIV,2011,26.3
Cote d'Ivoire,CIV,2012,25.4
Cote d'Ivoire,CIV,2013,30.4
Cote d'Ivoire,CIV,2014,31.9
Cote d'Ivoire,CIV,2015,32.6
Cote d'Ivoire,CIV,2016,35.4
Cote d'Ivoire,CIV,2017,35.8
Cote d'Ivoire,CIV,2018,34.8
Croatia,HRV,2000,55.9
Croatia,HRV,2001,66
Croatia,HRV,2002,63.8
Croatia,HRV,2003,65.1
Croatia,HRV,2004,66.1
Croatia,HRV,2005,67.7
Croatia,HRV,2006,63.7
Croatia,HRV,2007,62.4
Croatia,HRV,2008,62.8
Croatia,HRV,2009,63.7
Croatia,HRV,2010,65.1
Croatia,HRV,2011,61.2
Croatia,HRV,2012,63.3
Croatia,HRV,2013,63.7
Croatia,HRV,2014,60.9
Croatia,HRV,2015,60.6
Croatia,HRV,2016,59.3
Croatia,HRV,2017,59.5
Croatia,HRV,2018,59.6
Cuba,CUB,2000,65.3
Cuba,CUB,2001,65.7
Cuba,CUB,2002,66.2
Cuba,CUB,2003,65.4
Cuba,CUB,2004,64.9
Cuba,CUB,2005,65
Cuba,CUB,2006,64.8
Cuba,CUB,2007,65.2
Cuba,CUB,2008,64.7
Cuba,CUB,2009,65
Cuba,CUB,2010,61.9
Cuba,CUB,2011,63.6
Cuba,CUB,2012,63.2
Cuba,CUB,2013,64.2
Cuba,CUB,2014,64.2
Cuba,CUB,2015,64.9
Cuba,CUB,2016,65.9
Cuba,CUB,2017,66.8
Cuba,CUB,2018,66.8
Democratic Republic of Congo,COD,2000,40.6
Democratic Republic of Congo,COD,2001,41.1
Democratic Republic of Congo,COD,2002,41.4
Democratic Republic of Congo,COD,2003,39.8
Democratic Republic of Congo,COD,2004,40.5
Democratic Republic of Congo,COD,2005,41.2
Democratic Republic of Congo,COD,2006,44.3
Democratic Republic of Congo,COD,2007,44.8
Democratic Republic of Congo,COD,2008,45.3
Democratic Republic of Congo,COD,2009,45.2
Democratic Republic of Congo,COD,2010,46.1
Democratic Republic of Congo,COD,2011,47.1
Democratic Republic of Congo,COD,2012,47.2
Democratic Republic of Congo,COD,2013,48.1
Democratic Republic of Congo,COD,2014,48.3
Democratic Republic of Congo,COD,2015,48.9
Democratic Republic of Congo,COD,2016,49.5
Democratic Republic of Congo,COD,2017,49.7
Democratic Republic of Congo,COD,2018,49.7
Djibouti,DJI,2000,31.7
Djibouti,DJI,2001,31.9
Djibouti,DJI,2002,44.5
Djibouti,DJI,2003,44.3
Djibouti,DJI,2004,43.7
Djibouti,DJI,2005,45.2
Djibouti,DJI,2006,45.9
Djibouti,DJI,2007,45.1
Djibouti,DJI,2008,46.2
Djibouti,DJI,2009,47.2
Djibouti,DJI,2010,45.8
Djibouti,DJI,2011,47.4
Djibouti,DJI,2012,49.4
Djibouti,DJI,2013,49.7
Djibouti,DJI,2014,47.8
Djibouti,DJI,2015,49.9
Djibouti,DJI,2016,49.2
Djibouti,DJI,2017,49.2
Djibouti,DJI,2018,48.8
Dominica,DMA,2000,37.6
Dominica,DMA,2001,42.9
Dominica,DMA,2002,58.4
Dominica,DMA,2003,64.7
Dominica,DMA,2004,59.5
Dominica,DMA,2005,59.9
Dominica,DMA,2006,59.8
Dominica,DMA,2007,59.8
Dominica,DMA,2008,60
Dominica,DMA,2009,59.4
Dominica,DMA,2010,59.7
Dominica,DMA,2011,60.3
Dominica,DMA,2012,59.2
Dominica,DMA,2013,58.8
Dominica,DMA,2014,59.2
Dominica,DMA,2015,57.4
Dominica,DMA,2016,58.7
Dominica,DMA,2017,59
Dominica,DMA,2018,59.1
Dominican Republic,DOM,2000,57.5
Dominican Republic,DOM,2001,58.1
Dominican Republic,DOM,2002,58.8
Dominican Republic,DOM,2003,59.6
Dominican Republic,DOM,2004,59.2
Dominican Republic,DOM,2005,59.8
Dominican Republic,DOM,2006,60.5
Dominican Republic,DOM,2007,62.8
Dominican Republic,DOM,2008,63
Dominican Republic,DOM,2009,63.9
Dominican Republic,DOM,2010,58.7
Dominican Republic,DOM,2011,58.5
Dominican Republic,DOM,2012,46.7
Dominican Republic,DOM,2013,61.5
Dominican Republic,DOM,2014,69.5
Dominican Republic,DOM,2015,58.9
Dominican Republic,DOM,2016,59.5
Dominican Republic,DOM,2017,59.1
Dominican Republic,DOM,2018,58.9
East Timor,TLS,2000,43.9
East Timor,TLS,2001,44.3
East Timor,TLS,2002,44.4
East Timor,TLS,2003,44.7
East Timor,TLS,2004,45.4
East Timor,TLS,2005,44.9
East Timor,TLS,2006,45.6
East Timor,TLS,2007,45.8
East Timor,TLS,2008,45.4
East Timor,TLS,2009,45.6
East Timor,TLS,2010,45.3
East Timor,TLS,2011,45.8
East Timor,TLS,2012,45.4
East Timor,TLS,2013,45
East Timor,TLS,2014,44.2
East Timor,TLS,2015,42.4
East Timor,TLS,2016,40.6
East Timor,TLS,2017,37.3
East Timor,TLS,2018,40.8
Ecuador,ECU,2000,48.9
Ecuador,ECU,2001,49.4
Ecuador,ECU,2002,49.5
Ecuador,ECU,2003,49.5
Ecuador,ECU,2004,49.3
Ecuador,ECU,2005,49.2
Ecuador,ECU,2006,48.8
Ecuador,ECU,2007,49.5
Ecuador,ECU,2008,49.6
Ecuador,ECU,2009,50.1
Ecuador,ECU,2010,53.5
Ecuador,ECU,2011,52.6
Ecuador,ECU,2012,52
Ecuador,ECU,2013,53.8
Ecuador,ECU,2014,53.2
Ecuador,ECU,2015,52.2
Ecuador,ECU,2016,54.1
Ecuador,ECU,2017,53.4
Ecuador,ECU,2018,53.1
Egypt,EGY,2000,47.5
Egypt,EGY,2001,48
Egypt,EGY,2002,48.4
Egypt,EGY,2003,49.3
Egypt,EGY,2004,50.6
Egypt,EGY,2005,51.8
Egypt,EGY,2006,56.1
Egypt,EGY,2007,60.4
Egypt,EGY,2008,59.8
Egypt,EGY,2009,59.2
Egypt,EGY,2010,57.3
Egypt,EGY,2011,68.8
Egypt,EGY,2012,72.4
Egypt,EGY,2013,71.9
Egypt,EGY,2014,67.4
Egypt,EGY,2015,62.6
Egypt,EGY,2016,58.4
Egypt,EGY,2017,54.7
Egypt,EGY,2018,49.2
El Salvador,SLV,2000,50.4
El Salvador,SLV,2001,50.9
El Salvador,SLV,2002,51.7
El Salvador,SLV,2003,52.3
El Salvador,SLV,2004,52.1
El Salvador,SLV,2005,55.3
El Salvador,SLV,2006,55.2
El Salvador,SLV,2007,48.1
El Salvador,SLV,2008,46.8
El Salvador,SLV,2009,34.9
El Salvador,SLV,2010,36.5
El Salvador,SLV,2011,59.8
El Salvador,SLV,2012,48
El Salvador,SLV,2013,48.1
El Salvador,SLV,2014,46.8
El Salvador,SLV,2015,47.9
El Salvador,SLV,2016,46.9
El Salvador,SLV,2017,46.7
El Salvador,SLV,2018,46.5
Equatorial Guinea,GNQ,2000,41.7
Equatorial Guinea,GNQ,2001,44.5
Equatorial Guinea,GNQ,2002,46.7
Equatorial Guinea,GNQ,2003,47.8
Equatorial Guinea,GNQ,2004,49.6
Equatorial Guinea,GNQ,2005,52.6
Equatorial Guinea,GNQ,2006,55.6
Equatorial Guinea,GNQ,2007,57.3
Equatorial Guinea,GNQ,2008,58.7
Equatorial Guinea,GNQ,2009,59.1
Equatorial Guinea,GNQ,2010,58.9
Equatorial Guinea,GNQ,2011,59.7
Equatorial Guinea,GNQ,2012,59.8
Equatorial Guinea,GNQ,2013,59.9
Equatorial Guinea,GNQ,2014,60.2
Equatorial Guinea,GNQ,2015,59.4
Equatorial Guinea,GNQ,2016,60
Equatorial Guinea,GNQ,2017,60.3
Equatorial Guinea,GNQ,2018,59.9
Eritrea,ERI,2000,45
Eritrea,ERI,2001,43.9
Eritrea,ERI,2002,43.4
Eritrea,ERI,2003,41.4
Eritrea,ERI,2004,27
Eritrea,ERI,2005,27.3
Eritrea,ERI,2006,27
Eritrea,ERI,2007,26.8
Eritrea,ERI,2008,27.4
Eritrea,ERI,2009,27.9
Eritrea,ERI,2010,27.7
Eritrea,ERI,2011,27.1
Eritrea,ERI,2012,38.8
Eritrea,ERI,2013,39.6
Eritrea,ERI,2014,36.9
Eritrea,ERI,2015,39
Eritrea,ERI,2016,39.4
Eritrea,ERI,2017,38.5
Eritrea,ERI,2018,38
Eswatini,SWZ,2000,43.7
Eswatini,SWZ,2001,48.1
Eswatini,SWZ,2002,45.2
Eswatini,SWZ,2003,46.5
Eswatini,SWZ,2004,42.6
Eswatini,SWZ,2005,42.1
Eswatini,SWZ,2006,41
Eswatini,SWZ,2007,46.3
Eswatini,SWZ,2008,52.4
Eswatini,SWZ,2009,53.3
Eswatini,SWZ,2010,58
Eswatini,SWZ,2011,53.2
Eswatini,SWZ,2012,46.5
Eswatini,SWZ,2013,45
Eswatini,SWZ,2014,29.1
Eswatini,SWZ,2015,35.2
Eswatini,SWZ,2016,35.4
Eswatini,SWZ,2017,39
Eswatini,SWZ,2018,38.9
Ethiopia,ETH,2000,32.3
Ethiopia,ETH,2001,33.3
Ethiopia,ETH,2002,33.4
Ethiopia,ETH,2003,35.9
Ethiopia,ETH,2004,36.4
Ethiopia,ETH,2005,35.8
Ethiopia,ETH,2006,34.9
Ethiopia,ETH,2007,34.2
Ethiopia,ETH,2008,32.3
Ethiopia,ETH,2009,31.4
Ethiopia,ETH,2010,31.7
Ethiopia,ETH,2011,20.5
Ethiopia,ETH,2012,21.2
Ethiopia,ETH,2013,27.3
Ethiopia,ETH,2014,27.5
Ethiopia,ETH,2015,27.9
Ethiopia,ETH,2016,27.5
Ethiopia,ETH,2017,27.7
Ethiopia,ETH,2018,27.6
Fiji,FJI,2000,50.9
Fiji,FJI,2001,51
Fiji,FJI,2002,50.9
Fiji,FJI,2003,50.8
Fiji,FJI,2004,50.8
Fiji,FJI,2005,50.9
Fiji,FJI,2006,50.8
Fiji,FJI,2007,50.9
Fiji,FJI,2008,51
Fiji,FJI,2009,50.9
Fiji,FJI,2010,51
Fiji,FJI,2011,50.9
Fiji,FJI,2012,51
Fiji,FJI,2013,50.9
Fiji,FJI,2014,51.1
Fiji,FJI,2015,51.3
Fiji,FJI,2016,50.9
Fiji,FJI,2017,51
Fiji,FJI,2018,51
French Guiana,GUF,2000,43.7
French Guiana,GUF,2001,43.2
French Guiana,GUF,2002,42.4
French Guiana,GUF,2003,41.1
French Guiana,GUF,2004,40.6
French Guiana,GUF,2005,40.5
French Guiana,GUF,2006,39.5
French Guiana,GUF,2007,41.4
French Guiana,GUF,2008,44.1
French Guiana,GUF,2009,43.1
French Guiana,GUF,2010,44.3
French Guiana,GUF,2011,44.1
French Guiana,GUF,2012,43.2
French Guiana,GUF,2013,43.9
French Guiana,GUF,2014,43.2
French Guiana,GUF,2015,44.9
French Guiana,GUF,2016,45.7
French Guiana,GUF,2017,45.4
French Guiana,GUF,2018,45.5
Gabon,GAB,2000,45.1
Gabon,GAB,2001,46
Gabon,GAB,2002,47.1
Gabon,GAB,2003,48.7
Gabon,GAB,2004,49.3
Gabon,GAB,2005,49.8
Gabon,GAB,2006,51.7
Gabon,GAB,2007,52.7
Gabon,GAB,2008,53.9
Gabon,GAB,2009,53.8
Gabon,GAB,2010,53.9
Gabon,GAB,2011,54.7
Gabon,GAB,2012,55.7
Gabon,GAB,2013,56.4
Gabon,GAB,2014,56.8
Gabon,GAB,2015,56.5
Gabon,GAB,2016,57.3
Gabon,GAB,2017,57.7
Gabon,GAB,2018,57.3
Gambia,GMB,2000,55.5
Gambia,GMB,2001,56.2
Gambia,GMB,2002,57.1
Gambia,GMB,2003,59.7
Gambia,GMB,2004,61
Gambia,GMB,2005,61.6
Gambia,GMB,2006,64.8
Gambia,GMB,2007,62.3
Gambia,GMB,2008,64.1
Gambia,GMB,2009,65.8
Gambia,GMB,2010,69.7
Gambia,GMB,2011,70.9
Gambia,GMB,2012,65.9
Gambia,GMB,2013,68.4
Gambia,GMB,2014,67.7
Gambia,GMB,2015,59.4
Gambia,GMB,2016,55.2
Gambia,GMB,2017,52.1
Gambia,GMB,2018,48.1
Georgia,GEO,2000,67.9
Georgia,GEO,2001,66.7
Georgia,GEO,2002,67.8
Georgia,GEO,2003,67.7
Georgia,GEO,2004,66.9
Georgia,GEO,2005,60.1
Georgia,GEO,2006,64.8
Georgia,GEO,2007,66.4
Georgia,GEO,2008,66.9
Georgia,GEO,2009,64.1
Georgia,GEO,2010,62.7
Georgia,GEO,2011,59.1
Georgia,GEO,2012,61.5
Georgia,GEO,2013,61.5
Georgia,GEO,2014,62.3
Georgia,GEO,2015,63.6
Georgia,GEO,2016,64
Georgia,GEO,2017,63.7
Georgia,GEO,2018,63.7
Ghana,GHA,2000,39.6
Ghana,GHA,2001,40.1
Ghana,GHA,2002,41.4
Ghana,GHA,2003,41.4
Ghana,GHA,2004,40.9
Ghana,GHA,2005,40.2
Ghana,GHA,2006,36.7
Ghana,GHA,2007,39.9
Ghana,GHA,2008,37.1
Ghana,GHA,2009,43.4
Ghana,GHA,2010,48.8
Ghana,GHA,2011,54.6
Ghana,GHA,2012,47.5
Ghana,GHA,2013,45.3
Ghana,GHA,2014,44.8
Ghana,GHA,2015,44.2
Ghana,GHA,2016,44
Ghana,GHA,2017,44.3
Ghana,GHA,2018,47.9
Grenada,GRD,2000,46.4
Grenada,GRD,2001,42.5
Grenada,GRD,2002,44.9
Grenada,GRD,2003,48.2
Grenada,GRD,2004,46.5
Grenada,GRD,2005,50
Grenada,GRD,2006,49.3
Grenada,GRD,2007,52.8
Grenada,GRD,2008,52.7
Grenada,GRD,2009,51.6
Grenada,GRD,2010,45.2
Grenada,GRD,2011,46.1
Grenada,GRD,2012,42.6
Grenada,GRD,2013,42.6
Grenada,GRD,2014,42.8
Grenada,GRD,2015,41.3
Grenada,GRD,2016,42.3
Grenada,GRD,2017,32.9
Grenada,GRD,2018,32.3
Guatemala,GTM,2000,56.7
Guatemala,GTM,2001,56.4
Guatemala,GTM,2002,56.2
Guatemala,GTM,2003,55.7
Guatemala,GTM,2004,55.3
Guatemala,GTM,2005,55
Guatemala,GTM,2006,55
Guatemala,GTM,2007,55.3
Guatemala,GTM,2008,48.7
Guatemala,GTM,2009,49.1
Guatemala,GTM,2010,48.8
Guatemala,GTM,2011,49.5
Guatemala,GTM,2012,48.9
Guatemala,GTM,2013,50
Guatemala,GTM,2014,50.5
Guatemala,GTM,2015,50.3
Guatemala,GTM,2016,50.8
Guatemala,GTM,2017,51.3
Guatemala,GTM,2018,51.9
Guinea,GIN,2000,36.4
Guinea,GIN,2001,36.4
Guinea,GIN,2002,35.5
Guinea,GIN,2003,34.9
Guinea,GIN,2004,32.3
Guinea,GIN,2005,28.3
Guinea,GIN,2006,33.8
Guinea,GIN,2007,36.7
Guinea,GIN,2008,40.2
Guinea,GIN,2009,43.4
Guinea,GIN,2010,47.1
Guinea,GIN,2011,45.8
Guinea,GIN,2012,46
Guinea,GIN,2013,45.9
Guinea,GIN,2014,43.5
Guinea,GIN,2015,40.6
Guinea,GIN,2016,37.7
Guinea,GIN,2017,42.9
Guinea,GIN,2018,39.4
Guinea-Bissau,GNB,2000,28.9
Guinea-Bissau,GNB,2001,29.2
Guinea-Bissau,GNB,2002,30.4
Guinea-Bissau,GNB,2003,31.6
Guinea-Bissau,GNB,2004,30.7
Guinea-Bissau,GNB,2005,30.2
Guinea-Bissau,GNB,2006,35.9
Guinea-Bissau,GNB,2007,33.7
Guinea-Bissau,GNB,2008,35
Guinea-Bissau,GNB,2009,37.2
Guinea-Bissau,GNB,2010,37.8
Guinea-Bissau,GNB,2011,41.4
Guinea-Bissau,GNB,2012,40.7
Guinea-Bissau,GNB,2013,39.9
Guinea-Bissau,GNB,2014,38
Guinea-Bissau,GNB,2015,33.3
Guinea-Bissau,GNB,2016,28.1
Guinea-Bissau,GNB,2017,28
Guinea-Bissau,GNB,2018,23.7
Guyana,GUY,2000,38.1
Guyana,GUY,2001,36.3
Guyana,GUY,2002,37.3
Guyana,GUY,2003,37
Guyana,GUY,2004,34
Guyana,GUY,2005,35.3
Guyana,GUY,2006,32.2
Guyana,GUY,2007,32.8
Guyana,GUY,2008,36.2
Guyana,GUY,2009,36.1
Guyana,GUY,2010,47.7
Guyana,GUY,2011,37.1
Guyana,GUY,2012,36.5
Guyana,GUY,2013,34.7
Guyana,GUY,2014,31.5
Guyana,GUY,2015,40.5
Guyana,GUY,2016,40.3
Guyana,GUY,2017,35.2
Guyana,GUY,2018,35.1
Haiti,HTI,2000,49.2
Haiti,HTI,2001,49.6
Haiti,HTI,2002,50.5
Haiti,HTI,2003,50
Haiti,HTI,2004,49.3
Haiti,HTI,2005,49.7
Haiti,HTI,2006,50
Haiti,HTI,2007,50.1
Haiti,HTI,2008,50.5
Haiti,HTI,2009,51.4
Haiti,HTI,2010,51.3
Haiti,HTI,2011,51.7
Haiti,HTI,2012,50.8
Haiti,HTI,2013,56.3
Haiti,HTI,2014,57.5
Haiti,HTI,2015,58.6
Haiti,HTI,2016,58
Haiti,HTI,2017,57.9
Haiti,HTI,2018,58.2
Honduras,HND,2000,59.4
Honduras,HND,2001,61
Honduras,HND,2002,61
Honduras,HND,2003,62.7
Honduras,HND,2004,62.2
Honduras,HND,2005,63.4
Honduras,HND,2006,62.9
Honduras,HND,2007,63.8
Honduras,HND,2008,63.3
Honduras,HND,2009,65.1
Honduras,HND,2010,65.5
Honduras,HND,2011,64.1
Honduras,HND,2012,67.4
Honduras,HND,2013,65.5
Honduras,HND,2014,66.8
Honduras,HND,2015,66.3
Honduras,HND,2016,66.3
Honduras,HND,2017,64.5
Honduras,HND,2018,64.1
India,IND,2000,48.5
India,IND,2001,46.9
India,IND,2002,47.3
India,IND,2003,48.1
India,IND,2004,49.1
India,IND,2005,50.9
India,IND,2006,52.6
India,IND,2007,54.1
India,IND,2008,55.9
India,IND,2009,57.4
India,IND,2010,59.1
India,IND,2011,59.1
India,IND,2012,61.8
India,IND,2013,64.9
India,IND,2014,68.4
India,IND,2015,66.2
India,IND,2016,67.9
India,IND,2017,66.7
India,IND,2018,66.8
Indonesia,IDN,2000,48.7
Indonesia,IDN,2001,47.6
Indonesia,IDN,2002,47.2
Indonesia,IDN,2003,46
Indonesia,IDN,2004,45.8
Indonesia,IDN,2005,45.7
Indonesia,IDN,2006,46
Indonesia,IDN,2007,45.9
Indonesia,IDN,2008,45.9
Indonesia,IDN,2009,46.1
Indonesia,IDN,2010,46.5
Indonesia,IDN,2011,45.8
Indonesia,IDN,2012,46.6
Indonesia,IDN,2013,46
Indonesia,IDN,2014,44.5
Indonesia,IDN,2015,43.8
Indonesia,IDN,2016,43.6
Indonesia,IDN,2017,41.7
Indonesia,IDN,2018,42.9
Iran,IRN,2000,68.1
Iran,IRN,2001,66.9
Iran,IRN,2002,65.9
Iran,IRN,2003,64.8
Iran,IRN,2004,65
Iran,IRN,2005,65
Iran,IRN,2006,65.2
Iran,IRN,2007,69.8
Iran,IRN,2008,70.1
Iran,IRN,2009,69.9
Iran,IRN,2010,70.8
Iran,IRN,2011,70.1
Iran,IRN,2012,61.8
Iran,IRN,2013,62.6
Iran,IRN,2014,62.5
Iran,IRN,2015,62.8
Iran,IRN,2016,61.8
Iran,IRN,2017,61.3
Iran,IRN,2018,61.6
Iraq,IRQ,2000,61.2
Iraq,IRQ,2001,62
Iraq,IRQ,2002,64.4
Iraq,IRQ,2003,63.8
Iraq,IRQ,2004,63.5
Iraq,IRQ,2005,80.9
Iraq,IRQ,2006,80.3
Iraq,IRQ,2007,81.1
Iraq,IRQ,2008,80.2
Iraq,IRQ,2009,79.7
Iraq,IRQ,2010,78.4
Iraq,IRQ,2011,79.4
Iraq,IRQ,2012,72.2
Iraq,IRQ,2013,72.2
Iraq,IRQ,2014,70.5
Iraq,IRQ,2015,70.5
Iraq,IRQ,2016,69.5
Iraq,IRQ,2017,69.8
Iraq,IRQ,2018,66.9
Jamaica,JAM,2000,61
Jamaica,JAM,2001,61.5
Jamaica,JAM,2002,56.4
Jamaica,JAM,2003,55.6
Jamaica,JAM,2004,55.4
Jamaica,JAM,2005,55.6
Jamaica,JAM,2006,45.7
Jamaica,JAM,2007,59.2
Jamaica,JAM,2008,58.5
Jamaica,JAM,2009,65.4
Jamaica,JAM,2010,64.8
Jamaica,JAM,2011,55.4
Jamaica,JAM,2012,56.1
Jamaica,JAM,2013,56.5
Jamaica,JAM,2014,56.6
Jamaica,JAM,2015,57.3
Jamaica,JAM,2016,56.7
Jamaica,JAM,2017,56.7
Jamaica,JAM,2018,56.8
Jordan,JOR,2000,68
Jordan,JOR,2001,69.8
Jordan,JOR,2002,70
Jordan,JOR,2003,73
Jordan,JOR,2004,72.5
Jordan,JOR,2005,72.9
Jordan,JOR,2006,71.1
Jordan,JOR,2007,71.8
Jordan,JOR,2008,76
Jordan,JOR,2009,77.7
Jordan,JOR,2010,79.6
Jordan,JOR,2011,81.2
Jordan,JOR,2012,86
Jordan,JOR,2013,87.2
Jordan,JOR,2014,85.1
Jordan,JOR,2015,68.5
Jordan,JOR,2016,63.3
Jordan,JOR,2017,60.8
Jordan,JOR,2018,58.2
Kazakhstan,KAZ,2000,70.4
Kazakhstan,KAZ,2001,70.7
Kazakhstan,KAZ,2002,71.1
Kazakhstan,KAZ,2003,70.9
Kazakhstan,KAZ,2004,70.5
Kazakhstan,KAZ,2005,70.7
Kazakhstan,KAZ,2006,73.9
Kazakhstan,KAZ,2007,73.4
Kazakhstan,KAZ,2008,75
Kazakhstan,KAZ,2009,75.8
Kazakhstan,KAZ,2010,73.8
Kazakhstan,KAZ,2011,80.7
Kazakhstan,KAZ,2012,81.4
Kazakhstan,KAZ,2013,79.8
Kazakhstan,KAZ,2014,80
Kazakhstan,KAZ,2015,79.6
Kazakhstan,KAZ,2016,79.8
Kazakhstan,KAZ,2017,79.4
Kazakhstan,KAZ,2018,79.9
Kenya,KEN,2000,37.4
Kenya,KEN,2001,39.5
Kenya,KEN,2002,43.9
Kenya,KEN,2003,46.7
Kenya,KEN,2004,47.5
Kenya,KEN,2005,44.7
Kenya,KEN,2006,48.7
Kenya,KEN,2007,46.5
Kenya,KEN,2008,45.8
Kenya,KEN,2009,45.8
Kenya,KEN,2010,47.1
Kenya,KEN,2011,48.5
Kenya,KEN,2012,49.2
Kenya,KEN,2013,51.6
Kenya,KEN,2014,55
Kenya,KEN,2015,45.9
Kenya,KEN,2016,44
Kenya,KEN,2017,48.2
Kenya,KEN,2018,49.7
Kiribati,KIR,2000,50.1
Kiribati,KIR,2001,49.4
Kiribati,KIR,2002,49.4
Kiribati,KIR,2003,49.4
Kiribati,KIR,2004,49.3
Kiribati,KIR,2005,49.7
Kiribati,KIR,2006,49.5
Kiribati,KIR,2007,49.5
Kiribati,KIR,2008,49.1
Kiribati,KIR,2009,49.8
Kiribati,KIR,2010,49.4
Kiribati,KIR,2011,49
Kiribati,KIR,2012,50.2
Kiribati,KIR,2013,49.5
Kiribati,KIR,2014,50.1
Kiribati,KIR,2015,49.8
Kiribati,KIR,2016,50.2
Kiribati,KIR,2017,49.9
Kiribati,KIR,2018,49.8
Kosovo,OWID_KOS,2000,57.3
Kosovo,OWID_KOS,2001,57.7
Kosovo,OWID_KOS,2002,57.5
Kosovo,OWID_KOS,2003,56.4
Kosovo,OWID_KOS,2004,56.4
Kosovo,OWID_KOS,2005,59.9
Kosovo,OWID_KOS,2006,51.7
Kosovo,OWID_KOS,2007,57
Kosovo,OWID_KOS,2008,58.7
Kosovo,OWID_KOS,2009,59.1
Kosovo,OWID_KOS,2010,63.1
Kosovo,OWID_KOS,2011,56.9
Kosovo,OWID_KOS,2012,53.3
Kosovo,OWID_KOS,2013,45
Kosovo,OWID_KOS,2014,43.7
Kosovo,OWID_KOS,2015,43.7
Kosovo,OWID_KOS,2016,44.6
Kosovo,OWID_KOS,2017,44.3
Kosovo,OWID_KOS,2018,44.4
Kyrgyzstan,KGZ,2000,69.7
Kyrgyzstan,KGZ,2001,68.9
Kyrgyzstan,KGZ,2002,63
Kyrgyzstan,KGZ,2003,61.2
Kyrgyzstan,KGZ,2004,60.7
Kyrgyzstan,KGZ,2005,60.3
Kyrgyzstan,KGZ,2006,60.4
Kyrgyzstan,KGZ,2007,62.3
Kyrgyzstan,KGZ,2008,63.4
Kyrgyzstan,KGZ,2009,66.3
Kyrgyzstan,KGZ,2010,70.6
Kyrgyzstan,KGZ,2011,73.1
Kyrgyzstan,KGZ,2012,72
Kyrgyzstan,KGZ,2013,71.3
Kyrgyzstan,KGZ,2014,71.5
Kyrgyzstan,KGZ,2015,70.4
Kyrgyzstan,KGZ,2016,68.1
Kyrgyzstan,KGZ,2017,70.1
Kyrgyzstan,KGZ,2018,69.6
Laos,LAO,2000,47.4
Laos,LAO,2001,48.7
Laos,LAO,2002,50.5
Laos,LAO,2003,51
Laos,LAO,2004,54.2
Laos,LAO,2005,56.7
Laos,LAO,2006,56.3
Laos,LAO,2007,57.8
Laos,LAO,2008,54.7
Laos,LAO,2009,57.7
Laos,LAO,2010,60
Laos,LAO,2011,58.7
Laos,LAO,2012,61.1
Laos,LAO,2013,58
Laos,LAO,2014,58.5
Laos,LAO,2015,61.8
Laos,LAO,2016,61.4
Laos,LAO,2017,59
Laos,LAO,2018,59.1
Lesotho,LSO,2000,30
Lesotho,LSO,2001,30.5
Lesotho,LSO,2002,29.9
Lesotho,LSO,2003,29.9
Lesotho,LSO,2004,31.1
Lesotho,LSO,2005,33.1
Lesotho,LSO,2006,33.6
Lesotho,LSO,2007,34
Lesotho,LSO,2008,33.1
Lesotho,LSO,2009,33
Lesotho,LSO,2010,30.2
Lesotho,LSO,2011,34.2
Lesotho,LSO,2012,35
Lesotho,LSO,2013,33
Lesotho,LSO,2014,28.7
Lesotho,LSO,2015,34.6
Lesotho,LSO,2016,39.3
Lesotho,LSO,2017,40.5
Lesotho,LSO,2018,41.5
Liberia,LBR,2000,34.7
Liberia,LBR,2001,34.1
Liberia,LBR,2002,32.2
Liberia,LBR,2003,30.4
Liberia,LBR,2004,29.2
Liberia,LBR,2005,25.2
Liberia,LBR,2006,27.3
Liberia,LBR,2007,32.4
Liberia,LBR,2008,38.7
Liberia,LBR,2009,41.2
Liberia,LBR,2010,43.5
Liberia,LBR,2011,40.1
Liberia,LBR,2012,39.5
Liberia,LBR,2013,43
Liberia,LBR,2014,44.2
Liberia,LBR,2015,44.6
Liberia,LBR,2016,49
Liberia,LBR,2017,54.6
Liberia,LBR,2018,51.7
Libya,LBY,2000,56.8
Libya,LBY,2001,56.9
Libya,LBY,2002,56.7
Libya,LBY,2003,56.7
Libya,LBY,2004,57.5
Libya,LBY,2005,58.1
Libya,LBY,2006,59.4
Libya,LBY,2007,61.9
Libya,LBY,2008,67.4
Libya,LBY,2009,68.2
Libya,LBY,2010,61.3
Libya,LBY,2011,62.4
Libya,LBY,2012,64.4
Libya,LBY,2013,64.2
Libya,LBY,2014,63.8
Libya,LBY,2015,61.2
Libya,LBY,2016,60.3
Libya,LBY,2017,58.9
Libya,LBY,2018,57.6
Madagascar,MDG,2000,45.4
Madagascar,MDG,2001,45.4
Madagascar,MDG,2002,45.9
Madagascar,MDG,2003,45.2
Madagascar,MDG,2004,48.4
Madagascar,MDG,2005,43.4
Madagascar,MDG,2006,43.8
Madagascar,MDG,2007,44.6
Madagascar,MDG,2008,43.7
Madagascar,MDG,2009,42.5
Madagascar,MDG,2010,43.1
Madagascar,MDG,2011,46.7
Madagascar,MDG,2012,49.2
Madagascar,MDG,2013,48.6
Madagascar,MDG,2014,44.9
Madagascar,MDG,2015,44.5
Madagascar,MDG,2016,45.2
Madagascar,MDG,2017,52
Madagascar,MDG,2018,52
Malawi,MWI,2000,39.3
Malawi,MWI,2001,37
Malawi,MWI,2002,30.1
Malawi,MWI,2003,30.5
Malawi,MWI,2004,28.3
Malawi,MWI,2005,30.2
Malawi,MWI,2006,32.2
Malawi,MWI,2007,37.4
Malawi,MWI,2008,37.6
Malawi,MWI,2009,39
Malawi,MWI,2010,37.5
Malawi,MWI,2011,36.7
Malawi,MWI,2012,47.7
Malawi,MWI,2013,48.8
Malawi,MWI,2014,49.9
Malawi,MWI,2015,46.5
Malawi,MWI,2016,49.3
Malawi,MWI,2017,47.3
Malawi,MWI,2018,45.7
Malaysia,MYS,2000,72.1
Malaysia,MYS,2001,71.7
Malaysia,MYS,2002,72.5
Malaysia,MYS,2003,81.3
Malaysia,MYS,2004,81.6
Malaysia,MYS,2005,82
Malaysia,MYS,2006,82.3
Malaysia,MYS,2007,70.3
Malaysia,MYS,2008,70.5
Malaysia,MYS,2009,70.6
Malaysia,MYS,2010,70.9
Malaysia,MYS,2011,70.8
Malaysia,MYS,2012,70.5
Malaysia,MYS,2013,61.6
Malaysia,MYS,2014,61.6
Malaysia,MYS,2015,62.3
Malaysia,MYS,2016,77.5
Malaysia,MYS,2017,78.8
Malaysia,MYS,2018,79
Mali,MLI,2000,31.5
Mali,MLI,2001,31.7
Mali,MLI,2002,31.6
Mali,MLI,2003,32.2
Mali,MLI,2004,32.5
Mali,MLI,2005,31.7
Mali,MLI,2006,34.5
Mali,MLI,2007,35.4
Mali,MLI,2008,35.8
Mali,MLI,2009,34.8
Mali,MLI,2010,34.4
Mali,MLI,2011,33.1
Mali,MLI,2012,34.7
Mali,MLI,2013,35.3
Mali,MLI,2014,36.5
Mali,MLI,2015,34.1
Mali,MLI,2016,33.4
Mali,MLI,2017,34.9
Mali,MLI,2018,33.3
Marshall Islands,MHL,2000,50.4
Marshall Islands,MHL,2001,50
Marshall Islands,MHL,2002,49.9
Marshall Islands,MHL,2003,49.7
Marshall Islands,MHL,2004,50.1
Marshall Islands,MHL,2005,50.3
Marshall Islands,MHL,2006,50.1
Marshall Islands,MHL,2007,50.1
Marshall Islands,MHL,2008,50
Marshall Islands,MHL,2009,49.8
Marshall Islands,MHL,2010,50.1
Marshall Islands,MHL,2011,49.3
Marshall Islands,MHL,2012,49.6
Marshall Islands,MHL,2013,49.7
Marshall Islands,MHL,2014,50.1
Marshall Islands,MHL,2015,49.8
Marshall Islands,MHL,2016,49.7
Marshall Islands,MHL,2017,49.5
Marshall Islands,MHL,2018,50.1
Mauritania,MRT,2000,24.1
Mauritania,MRT,2001,23.5
Mauritania,MRT,2002,22.9
Mauritania,MRT,2003,22.9
Mauritania,MRT,2004,22.2
Mauritania,MRT,2005,21.7
Mauritania,MRT,2006,22.9
Mauritania,MRT,2007,21.4
Mauritania,MRT,2008,24.9
Mauritania,MRT,2009,26.5
Mauritania,MRT,2010,29.7
Mauritania,MRT,2011,30.7
Mauritania,MRT,2012,30.9
Mauritania,MRT,2013,31.6
Mauritania,MRT,2014,30.3
Mauritania,MRT,2015,24.3
Mauritania,MRT,2016,23.2
Mauritania,MRT,2017,23
Mauritania,MRT,2018,23
Mexico,MEX,2000,43.7
Mexico,MEX,2001,57
Mexico,MEX,2002,61.4
Mexico,MEX,2003,53.6
Mexico,MEX,2004,53.5
Mexico,MEX,2005,53.4
Mexico,MEX,2006,53.3
Mexico,MEX,2007,52.9
Mexico,MEX,2008,53.5
Mexico,MEX,2009,53.4
Mexico,MEX,2010,53.1
Mexico,MEX,2011,51.9
Mexico,MEX,2012,62.5
Mexico,MEX,2013,62.3
Mexico,MEX,2014,63
Mexico,MEX,2015,63.1
Mexico,MEX,2016,64.2
Mexico,MEX,2017,65
Mexico,MEX,2018,65
Micronesia (country),FSM,2000,47.9
Micronesia (country),FSM,2001,47.8
Micronesia (country),FSM,2002,47.7
Micronesia (country),FSM,2003,47.9
Micronesia (country),FSM,2004,47.6
Micronesia (country),FSM,2005,47.5
Micronesia (country),FSM,2006,47.5
Micronesia (country),FSM,2007,47.5
Micronesia (country),FSM,2008,48.3
Micronesia (country),FSM,2009,48.2
Micronesia (country),FSM,2010,48.6
Micronesia (country),FSM,2011,48.5
Micronesia (country),FSM,2012,48.1
Micronesia (country),FSM,2013,48
Micronesia (country),FSM,2014,48.3
Micronesia (country),FSM,2015,48.3
Micronesia (country),FSM,2016,48.5
Micronesia (country),FSM,2017,48.6
Micronesia (country),FSM,2018,48.6
Moldova,MDA,2000,72.9
Moldova,MDA,2001,72.9
Moldova,MDA,2002,72.4
Moldova,MDA,2003,73.9
Moldova,MDA,2004,76.5
Moldova,MDA,2005,75.3
Moldova,MDA,2006,74.2
Moldova,MDA,2007,77.5
Moldova,MDA,2008,73.1
Moldova,MDA,2009,78.5
Moldova,MDA,2010,79.5
Moldova,MDA,2011,79.3
Moldova,MDA,2012,81
Moldova,MDA,2013,79.7
Moldova,MDA,2014,79.1
Moldova,MDA,2015,77.7
Moldova,MDA,2016,78.7
Moldova,MDA,2017,79.1
Moldova,MDA,2018,78.4
Mongolia,MNG,2000,61.1
Mongolia,MNG,2001,61.5
Mongolia,MNG,2002,61.1
Mongolia,MNG,2003,60.1
Mongolia,MNG,2004,60.5
Mongolia,MNG,2005,67.4
Mongolia,MNG,2006,67.2
Mongolia,MNG,2007,67
Mongolia,MNG,2008,67.8
Mongolia,MNG,2009,69.1
Mongolia,MNG,2010,74.8
Mongolia,MNG,2011,65.5
Mongolia,MNG,2012,63.6
Mongolia,MNG,2013,60.2
Mongolia,MNG,2014,61.2
Mongolia,MNG,2015,59.6
Mongolia,MNG,2016,58.8
Mongolia,MNG,2017,59.2
Mongolia,MNG,2018,57.4
Montenegro,MNE,2000,77.2
Montenegro,MNE,2001,67.9
Montenegro,MNE,2002,73.6
Montenegro,MNE,2003,79.4
Montenegro,MNE,2004,75.9
Montenegro,MNE,2005,75.3
Montenegro,MNE,2006,61.1
Montenegro,MNE,2007,70.8
Montenegro,MNE,2008,70.6
Montenegro,MNE,2009,69.5
Montenegro,MNE,2010,61.6
Montenegro,MNE,2011,75.2
Montenegro,MNE,2012,77.5
Montenegro,MNE,2013,82.6
Montenegro,MNE,2014,75
Montenegro,MNE,2015,74.7
Montenegro,MNE,2016,75.5
Montenegro,MNE,2017,76.5
Montenegro,MNE,2018,76.3
Morocco,MAR,2000,50.3
Morocco,MAR,2001,50.3
Morocco,MAR,2002,50.1
Morocco,MAR,2003,49.9
Morocco,MAR,2004,49.8
Morocco,MAR,2005,49.5
Morocco,MAR,2006,49.4
Morocco,MAR,2007,49.8
Morocco,MAR,2008,49.2
Morocco,MAR,2009,48.8
Morocco,MAR,2010,48.8
Morocco,MAR,2011,49
Morocco,MAR,2012,49.8
Morocco,MAR,2013,56.6
Morocco,MAR,2014,56.5
Morocco,MAR,2015,53.1
Morocco,MAR,2016,53.2
Morocco,MAR,2017,53.1
Morocco,MAR,2018,53.4
Mozambique,MOZ,2000,38.2
Mozambique,MOZ,2001,38.7
Mozambique,MOZ,2002,26.8
Mozambique,MOZ,2003,26.9
Mozambique,MOZ,2004,27.3
Mozambique,MOZ,2005,34.4
Mozambique,MOZ,2006,23.8
Mozambique,MOZ,2007,23.7
Mozambique,MOZ,2008,23.6
Mozambique,MOZ,2009,23.6
Mozambique,MOZ,2010,24.3
Mozambique,MOZ,2011,23.4
Mozambique,MOZ,2012,25.8
Mozambique,MOZ,2013,27.8
Mozambique,MOZ,2014,28.5
Mozambique,MOZ,2015,27.8
Mozambique,MOZ,2016,38.7
Mozambique,MOZ,2017,40.7
Mozambique,MOZ,2018,40.8
Myanmar,MMR,2000,55.6
Myanmar,MMR,2001,57.3
Myanmar,MMR,2002,57.5
Myanmar,MMR,2003,58.1
Myanmar,MMR,2004,58.8
Myanmar,MMR,2005,48.7
Myanmar,MMR,2006,48.1
Myanmar,MMR,2007,48.7
Myanmar,MMR,2008,51.8
Myanmar,MMR,2009,51.6
Myanmar,MMR,2010,40.3
Myanmar,MMR,2011,39.9
Myanmar,MMR,2012,50.6
Myanmar,MMR,2013,49.4
Myanmar,MMR,2014,48.3
Myanmar,MMR,2015,48.4
Myanmar,MMR,2016,48.8
Myanmar,MMR,2017,54
Myanmar,MMR,2018,54
Namibia,NAM,2000,29.2
Namibia,NAM,2001,33
Namibia,NAM,2002,38.2
Namibia,NAM,2003,37.5
Namibia,NAM,2004,37.7
Namibia,NAM,2005,37.7
Namibia,NAM,2006,38.6
Namibia,NAM,2007,38.9
Namibia,NAM,2008,39.4
Namibia,NAM,2009,39.6
Namibia,NAM,2010,40
Namibia,NAM,2011,41.4
Namibia,NAM,2012,44.4
Namibia,NAM,2013,44.1
Namibia,NAM,2014,42.2
Namibia,NAM,2015,46.6
Namibia,NAM,2016,48.8
Namibia,NAM,2017,49.7
Namibia,NAM,2018,49.8
Nepal,NPL,2000,60.7
Nepal,NPL,2001,49.3
Nepal,NPL,2002,49.2
Nepal,NPL,2003,50
Nepal,NPL,2004,50.4
Nepal,NPL,2005,51.1
Nepal,NPL,2006,51
Nepal,NPL,2007,50.5
Nepal,NPL,2008,50.9
Nepal,NPL,2009,51.4
Nepal,NPL,2010,52.3
Nepal,NPL,2011,46.1
Nepal,NPL,2012,51.4
Nepal,NPL,2013,51.4
Nepal,NPL,2014,58.2
Nepal,NPL,2015,53.5
Nepal,NPL,2016,53.2
Nepal,NPL,2017,44.3
Nepal,NPL,2018,49.7
Nicaragua,NIC,2000,47.2
Nicaragua,NIC,2001,46.5
Nicaragua,NIC,2002,45.7
Nicaragua,NIC,2003,47
Nicaragua,NIC,2004,47.1
Nicaragua,NIC,2005,47.2
Nicaragua,NIC,2006,47.7
Nicaragua,NIC,2007,47.5
Nicaragua,NIC,2008,49
Nicaragua,NIC,2009,48
Nicaragua,NIC,2010,41.1
Nicaragua,NIC,2011,43.6
Nicaragua,NIC,2012,29.3
Nicaragua,NIC,2013,36.2
Nicaragua,NIC,2014,54.8
Nicaragua,NIC,2015,46.7
Nicaragua,NIC,2016,46.1
Nicaragua,NIC,2017,47.4
Nicaragua,NIC,2018,45.9
Niger,NER,2000,28.3
Niger,NER,2001,30.9
Niger,NER,2002,31.3
Niger,NER,2003,31.1
Niger,NER,2004,30.2
Niger,NER,2005,29.9
Niger,NER,2006,31.1
Niger,NER,2007,35.4
Niger,NER,2008,35.3
Niger,NER,2009,33.7
Niger,NER,2010,34.2
Niger,NER,2011,33.3
Niger,NER,2012,34.7
Niger,NER,2013,35.3
Niger,NER,2014,36
Niger,NER,2015,33.4
Niger,NER,2016,32.3
Niger,NER,2017,32.8
Niger,NER,2018,29.4
Nigeria,NGA,2000,29.7
Nigeria,NGA,2001,31.6
Nigeria,NGA,2002,32.2
Nigeria,NGA,2003,33.4
Nigeria,NGA,2004,33.3
Nigeria,NGA,2005,34.3
Nigeria,NGA,2006,35.1
Nigeria,NGA,2007,40.8
Nigeria,NGA,2008,39.7
Nigeria,NGA,2009,42
Nigeria,NGA,2010,45.4
Nigeria,NGA,2011,48.1
Nigeria,NGA,2012,44.7
Nigeria,NGA,2013,41.2
Nigeria,NGA,2014,38.9
Nigeria,NGA,2015,35.4
Nigeria,NGA,2016,34.3
Nigeria,NGA,2017,32.8
Nigeria,NGA,2018,33.3
North Macedonia,MKD,2000,76.9
North Macedonia,MKD,2001,66
North Macedonia,MKD,2002,71.6
North Macedonia,MKD,2003,72.9
North Macedonia,MKD,2004,73.7
North Macedonia,MKD,2005,73
North Macedonia,MKD,2006,73.4
North Macedonia,MKD,2007,73.4
North Macedonia,MKD,2008,69.7
North Macedonia,MKD,2009,76.8
North Macedonia,MKD,2010,79.8
North Macedonia,MKD,2011,77.9
North Macedonia,MKD,2012,77.3
North Macedonia,MKD,2013,77.6
North Macedonia,MKD,2014,71.6
North Macedonia,MKD,2015,68.8
North Macedonia,MKD,2016,69.5
North Macedonia,MKD,2017,75.3
North Macedonia,MKD,2018,74.5
Pakistan,PAK,2000,53.6
Pakistan,PAK,2001,58.4
Pakistan,PAK,2002,57.7
Pakistan,PAK,2003,56.8
Pakistan,PAK,2004,57.4
Pakistan,PAK,2005,56.7
Pakistan,PAK,2006,58.4
Pakistan,PAK,2007,58.3
Pakistan,PAK,2008,58.3
Pakistan,PAK,2009,58.7
Pakistan,PAK,2010,57.5
Pakistan,PAK,2011,63.7
Pakistan,PAK,2012,55.5
Pakistan,PAK,2013,51.2
Pakistan,PAK,2014,49.8
Pakistan,PAK,2015,51.3
Pakistan,PAK,2016,52.6
Pakistan,PAK,2017,52.8
Pakistan,PAK,2018,49.9
Palestine,PSE,2000,73.4
Palestine,PSE,2001,73.7
Palestine,PSE,2002,72.8
Palestine,PSE,2003,73.6
Palestine,PSE,2004,72.8
Palestine,PSE,2005,72.6
Palestine,PSE,2006,71.3
Palestine,PSE,2007,71.2
Palestine,PSE,2008,72.2
Palestine,PSE,2009,71.8
Palestine,PSE,2010,70.1
Palestine,PSE,2011,73.8
Palestine,PSE,2012,73.2
Palestine,PSE,2013,72.1
Palestine,PSE,2014,69.8
Palestine,PSE,2015,71.7
Palestine,PSE,2016,70
Palestine,PSE,2017,71.7
Palestine,PSE,2018,70.1
Panama,PAN,2000,60.1
Panama,PAN,2001,60.5
Panama,PAN,2002,60.9
Panama,PAN,2003,62.3
Panama,PAN,2004,62.5
Panama,PAN,2005,62.7
Panama,PAN,2006,62.8
Panama,PAN,2007,62.6
Panama,PAN,2008,63.1
Panama,PAN,2009,63.2
Panama,PAN,2010,63.5
Panama,PAN,2011,75.1
Panama,PAN,2012,75.8
Panama,PAN,2013,76
Panama,PAN,2014,75.3
Panama,PAN,2015,74.5
Panama,PAN,2016,75.5
Panama,PAN,2017,74.6
Panama,PAN,2018,74.6
Papua New Guinea,PNG,2000,33.7
Papua New Guinea,PNG,2001,34.1
Papua New Guinea,PNG,2002,34.2
Papua New Guinea,PNG,2003,33.5
Papua New Guinea,PNG,2004,32.8
Papua New Guinea,PNG,2005,32.5
Papua New Guinea,PNG,2006,32.1
Papua New Guinea,PNG,2007,30.9
Papua New Guinea,PNG,2008,32.8
Papua New Guinea,PNG,2009,33.6
Papua New Guinea,PNG,2010,33.4
Papua New Guinea,PNG,2011,32.3
Papua New Guinea,PNG,2012,31.1
Papua New Guinea,PNG,2013,32.5
Papua New Guinea,PNG,2014,32.7
Papua New Guinea,PNG,2015,33.3
Papua New Guinea,PNG,2016,32.7
Papua New Guinea,PNG,2017,31.4
Papua New Guinea,PNG,2018,32.9
Paraguay,PRY,2000,53.4
Paraguay,PRY,2001,55
Paraguay,PRY,2002,54.8
Paraguay,PRY,2003,53.8
Paraguay,PRY,2004,53
Paraguay,PRY,2005,52.3
Paraguay,PRY,2006,52.1
Paraguay,PRY,2007,53.6
Paraguay,PRY,2008,54.3
Paraguay,PRY,2009,54.6
Paraguay,PRY,2010,54.9
Paraguay,PRY,2011,54.5
Paraguay,PRY,2012,54
Paraguay,PRY,2013,53.6
Paraguay,PRY,2014,52.1
Paraguay,PRY,2015,52.2
Paraguay,PRY,2016,52.7
Paraguay,PRY,2017,51.7
Paraguay,PRY,2018,51.6
Peru,PER,2000,47.1
Peru,PER,2001,47
Peru,PER,2002,46.6
Peru,PER,2003,46.7
Peru,PER,2004,46.3
Peru,PER,2005,44.6
Peru,PER,2006,44.6
Peru,PER,2007,44.4
Peru,PER,2008,44.4
Peru,PER,2009,49.6
Peru,PER,2010,50.7
Peru,PER,2011,50.5
Peru,PER,2012,52.6
Peru,PER,2013,52.7
Peru,PER,2014,54
Peru,PER,2015,55
Peru,PER,2016,55.4
Peru,PER,2017,57.1
Peru,PER,2018,56
Philippines,PHL,2000,57.2
Philippines,PHL,2001,54.9
Philippines,PHL,2002,53.9
Philippines,PHL,2003,53.6
Philippines,PHL,2004,52.9
Philippines,PHL,2005,52.3
Philippines,PHL,2006,52.4
Philippines,PHL,2007,51.9
Philippines,PHL,2008,51.5
Philippines,PHL,2009,51.6
Philippines,PHL,2010,50.9
Philippines,PHL,2011,49.7
Philippines,PHL,2012,48.9
Philippines,PHL,2013,50.2
Philippines,PHL,2014,47.9
Philippines,PHL,2015,45.7
Philippines,PHL,2016,42.3
Philippines,PHL,2017,35.8
Philippines,PHL,2018,41.5
Romania,ROU,2000,68.3
Romania,ROU,2001,68.7
Romania,ROU,2002,68.4
Romania,ROU,2003,69.3
Romania,ROU,2004,68.3
Romania,ROU,2005,68.4
Romania,ROU,2006,67.7
Romania,ROU,2007,66.4
Romania,ROU,2008,71.8
Romania,ROU,2009,71.4
Romania,ROU,2010,70.1
Romania,ROU,2011,66.4
Romania,ROU,2012,69
Romania,ROU,2013,64.8
Romania,ROU,2014,63
Romania,ROU,2015,62.8
Romania,ROU,2016,70
Romania,ROU,2017,74.2
Romania,ROU,2018,73.7
Rwanda,RWA,2000,32.7
Rwanda,RWA,2001,33.1
Rwanda,RWA,2002,41.1
Rwanda,RWA,2003,32.1
Rwanda,RWA,2004,32.5
Rwanda,RWA,2005,31.9
Rwanda,RWA,2006,35.4
Rwanda,RWA,2007,37.7
Rwanda,RWA,2008,37.8
Rwanda,RWA,2009,43.6
Rwanda,RWA,2010,42.7
Rwanda,RWA,2011,43.2
Rwanda,RWA,2012,46.2
Rwanda,RWA,2013,46.1
Rwanda,RWA,2014,46.5
Rwanda,RWA,2015,48
Rwanda,RWA,2016,47.2
Rwanda,RWA,2017,46.4
Rwanda,RWA,2018,47
Saint Lucia,LCA,2000,55.7
Saint Lucia,LCA,2001,58.5
Saint Lucia,LCA,2002,51.8
Saint Lucia,LCA,2003,55.1
Saint Lucia,LCA,2004,54.9
Saint Lucia,LCA,2005,45.8
Saint Lucia,LCA,2006,59.4
Saint Lucia,LCA,2007,66.8
Saint Lucia,LCA,2008,61.9
Saint Lucia,LCA,2009,61
Saint Lucia,LCA,2010,61.4
Saint Lucia,LCA,2011,62.6
Saint Lucia,LCA,2012,60.2
Saint Lucia,LCA,2013,61.5
Saint Lucia,LCA,2014,61
Saint Lucia,LCA,2015,56.5
Saint Lucia,LCA,2016,58.1
Saint Lucia,LCA,2017,58.1
Saint Lucia,LCA,2018,60
Saint Vincent and the Grenadines,VCT,2000,46.6
Saint Vincent and the Grenadines,VCT,2001,47.7
Saint Vincent and the Grenadines,VCT,2002,47.6
Saint Vincent and the Grenadines,VCT,2003,50.9
Saint Vincent and the Grenadines,VCT,2004,50.8
Saint Vincent and the Grenadines,VCT,2005,51.3
Saint Vincent and the Grenadines,VCT,2006,53.9
Saint Vincent and the Grenadines,VCT,2007,53.4
Saint Vincent and the Grenadines,VCT,2008,53.1
Saint Vincent and the Grenadines,VCT,2009,53.8
Saint Vincent and the Grenadines,VCT,2010,54.2
Saint Vincent and the Grenadines,VCT,2011,56.2
Saint Vincent and the Grenadines,VCT,2012,53.7
Saint Vincent and the Grenadines,VCT,2013,53.9
Saint Vincent and the Grenadines,VCT,2014,53.6
Saint Vincent and the Grenadines,VCT,2015,51.2
Saint Vincent and the Grenadines,VCT,2016,52.2
Saint Vincent and the Grenadines,VCT,2017,46.1
Saint Vincent and the Grenadines,VCT,2018,44.7
Samoa,WSM,2000,51.8
Samoa,WSM,2001,51.4
Samoa,WSM,2002,51.5
Samoa,WSM,2003,51.6
Samoa,WSM,2004,51.7
Samoa,WSM,2005,51.5
Samoa,WSM,2006,51.3
Samoa,WSM,2007,51.5
Samoa,WSM,2008,53.1
Samoa,WSM,2009,54.8
Samoa,WSM,2010,53.6
Samoa,WSM,2011,52.6
Samoa,WSM,2012,51.9
Samoa,WSM,2013,52.1
Samoa,WSM,2014,52
Samoa,WSM,2015,51.8
Samoa,WSM,2016,51.3
Samoa,WSM,2017,52.1
Samoa,WSM,2018,52.4
Sao Tome and Principe,STP,2000,46.8
Sao Tome and Principe,STP,2001,46.7
Sao Tome and Principe,STP,2002,48.2
Sao Tome and Principe,STP,2003,48.7
Sao Tome and Principe,STP,2004,49
Sao Tome and Principe,STP,2005,49.3
Sao Tome and Principe,STP,2006,51.4
Sao Tome and Principe,STP,2007,51.5
Sao Tome and Principe,STP,2008,51.6
Sao Tome and Principe,STP,2009,52.7
Sao Tome and Principe,STP,2010,54.6
Sao Tome and Principe,STP,2011,53
Sao Tome and Principe,STP,2012,53.7
Sao Tome and Principe,STP,2013,54.4
Sao Tome and Principe,STP,2014,55
Sao Tome and Principe,STP,2015,54.9
Sao Tome and Principe,STP,2016,55.3
Sao Tome and Principe,STP,2017,56.3
Sao Tome and Principe,STP,2018,55.9
Senegal,SEN,2000,40.1
Senegal,SEN,2001,40.7
Senegal,SEN,2002,41
Senegal,SEN,2003,43.3
Senegal,SEN,2004,43.6
Senegal,SEN,2005,42.8
Senegal,SEN,2006,44.9
Senegal,SEN,2007,43.3
Senegal,SEN,2008,46.8
Senegal,SEN,2009,49.2
Senegal,SEN,2010,52.9
Senegal,SEN,2011,55.3
Senegal,SEN,2012,49.2
Senegal,SEN,2013,52.4
Senegal,SEN,2014,50.7
Senegal,SEN,2015,41.4
Senegal,SEN,2016,37.3
Senegal,SEN,2017,34
Senegal,SEN,2018,32.5
Serbia,SRB,2000,67.2
Serbia,SRB,2001,67.5
Serbia,SRB,2002,66.9
Serbia,SRB,2003,67.2
Serbia,SRB,2004,68
Serbia,SRB,2005,70.8
Serbia,SRB,2006,61.3
Serbia,SRB,2007,72
Serbia,SRB,2008,74.2
Serbia,SRB,2009,74.2
Serbia,SRB,2010,77.4
Serbia,SRB,2011,71.8
Serbia,SRB,2012,70.2
Serbia,SRB,2013,60.7
Serbia,SRB,2014,60.2
Serbia,SRB,2015,59.8
Serbia,SRB,2016,59.7
Serbia,SRB,2017,59.6
Serbia,SRB,2018,59.9
Sierra Leone,SLE,2000,35.5
Sierra Leone,SLE,2001,35.4
Sierra Leone,SLE,2002,34
Sierra Leone,SLE,2003,32.9
Sierra Leone,SLE,2004,30.1
Sierra Leone,SLE,2005,24.9
Sierra Leone,SLE,2006,31
Sierra Leone,SLE,2007,36.9
Sierra Leone,SLE,2008,47.7
Sierra Leone,SLE,2009,52.9
Sierra Leone,SLE,2010,59.2
Sierra Leone,SLE,2011,52.4
Sierra Leone,SLE,2012,53.8
Sierra Leone,SLE,2013,55
Sierra Leone,SLE,2014,55
Sierra Leone,SLE,2015,50.4
Sierra Leone,SLE,2016,50.6
Sierra Leone,SLE,2017,57.4
Sierra Leone,SLE,2018,54.3
Solomon Islands,SLB,2000,44.1
Solomon Islands,SLB,2001,43.9
Solomon Islands,SLB,2002,44.3
Solomon Islands,SLB,2003,43.6
Solomon Islands,SLB,2004,43
Solomon Islands,SLB,2005,42.8
Solomon Islands,SLB,2006,41.6
Solomon Islands,SLB,2007,39.9
Solomon Islands,SLB,2008,43
Solomon Islands,SLB,2009,44
Solomon Islands,SLB,2010,44.2
Solomon Islands,SLB,2011,44.5
Solomon Islands,SLB,2012,44.3
Solomon Islands,SLB,2013,44.8
Solomon Islands,SLB,2014,45.2
Solomon Islands,SLB,2015,45.3
Solomon Islands,SLB,2016,45.7
Solomon Islands,SLB,2017,45.1
Solomon Islands,SLB,2018,45.4
Somalia,SOM,2000,34.3
Somalia,SOM,2001,34.3
Somalia,SOM,2002,34.4
Somalia,SOM,2003,33.7
Somalia,SOM,2004,33
Somalia,SOM,2005,33.5
Somalia,SOM,2006,33.1
Somalia,SOM,2007,32.6
Somalia,SOM,2008,32.7
Somalia,SOM,2009,35
Somalia,SOM,2010,35.5
Somalia,SOM,2011,36.5
Somalia,SOM,2012,36.6
Somalia,SOM,2013,36.1
Somalia,SOM,2014,35.9
Somalia,SOM,2015,35.6
Somalia,SOM,2016,34.7
Somalia,SOM,2017,35.7
Somalia,SOM,2018,35.6
South Africa,ZAF,2000,41.9
South Africa,ZAF,2001,43
South Africa,ZAF,2002,38.9
South Africa,ZAF,2003,37.4
South Africa,ZAF,2004,37.1
South Africa,ZAF,2005,38.4
South Africa,ZAF,2006,43.2
South Africa,ZAF,2007,44.5
South Africa,ZAF,2008,42
South Africa,ZAF,2009,41.9
South Africa,ZAF,2010,42.6
South Africa,ZAF,2011,42.8
South Africa,ZAF,2012,45.5
South Africa,ZAF,2013,43.5
South Africa,ZAF,2014,43.2
South Africa,ZAF,2015,44.2
South Africa,ZAF,2016,46.4
South Africa,ZAF,2017,47.3
South Africa,ZAF,2018,47.5
South Sudan,SSD,2000,26.3
South Sudan,SSD,2001,26.5
South Sudan,SSD,2002,26.5
South Sudan,SSD,2003,36.3
South Sudan,SSD,2004,37.1
South Sudan,SSD,2005,37.3
South Sudan,SSD,2006,37.3
South Sudan,SSD,2007,37.6
South Sudan,SSD,2008,38.2
South Sudan,SSD,2009,38
South Sudan,SSD,2010,39.9
South Sudan,SSD,2011,40.8
South Sudan,SSD,2012,42.3
South Sudan,SSD,2013,41.5
South Sudan,SSD,2014,40
South Sudan,SSD,2015,42.7
South Sudan,SSD,2016,41.3
South Sudan,SSD,2017,41.6
South Sudan,SSD,2018,41.1
Sri Lanka,LKA,2000,68.1
Sri Lanka,LKA,2001,68
Sri Lanka,LKA,2002,68.7
Sri Lanka,LKA,2003,69.8
Sri Lanka,LKA,2004,70
Sri Lanka,LKA,2005,70.5
Sri Lanka,LKA,2006,70.5
Sri Lanka,LKA,2007,71.4
Sri Lanka,LKA,2008,71.3
Sri Lanka,LKA,2009,71.7
Sri Lanka,LKA,2010,71.8
Sri Lanka,LKA,2011,71.8
Sri Lanka,LKA,2012,72.2
Sri Lanka,LKA,2013,72.5
Sri Lanka,LKA,2014,73.3
Sri Lanka,LKA,2015,73.2
Sri Lanka,LKA,2016,73.3
Sri Lanka,LKA,2017,73.8
Sri Lanka,LKA,2018,73.6
Sudan,SDN,2000,49.2
Sudan,SDN,2001,49.3
Sudan,SDN,2002,49.9
Sudan,SDN,2003,50.5
Sudan,SDN,2004,52.2
Sudan,SDN,2005,54.8
Sudan,SDN,2006,54.9
Sudan,SDN,2007,55.6
Sudan,SDN,2008,56.6
Sudan,SDN,2009,70
Sudan,SDN,2010,70.6
Sudan,SDN,2011,70.7
Sudan,SDN,2012,70.9
Sudan,SDN,2013,70.8
Sudan,SDN,2014,70
Sudan,SDN,2015,71.9
Sudan,SDN,2016,72.2
Sudan,SDN,2017,73
Sudan,SDN,2018,72.9
Suriname,SUR,2000,50.4
Suriname,SUR,2001,48.7
Suriname,SUR,2002,48.1
Suriname,SUR,2003,49.6
Suriname,SUR,2004,44.8
Suriname,SUR,2005,51.6
Suriname,SUR,2006,44
Suriname,SUR,2007,45.7
Suriname,SUR,2008,48.7
Suriname,SUR,2009,52
Suriname,SUR,2010,63.6
Suriname,SUR,2011,50.4
Suriname,SUR,2012,50
Suriname,SUR,2013,48
Suriname,SUR,2014,46
Suriname,SUR,2015,54.7
Suriname,SUR,2016,54.7
Suriname,SUR,2017,49
Suriname,SUR,2018,48.6
Syria,SYR,2000,61.3
Syria,SYR,2001,57.2
Syria,SYR,2002,61.5
Syria,SYR,2003,62.3
Syria,SYR,2004,63.1
Syria,SYR,2005,70.1
Syria,SYR,2006,70.3
Syria,SYR,2007,68.8
Syria,SYR,2008,70.7
Syria,SYR,2009,70.9
Syria,SYR,2010,70.7
Syria,SYR,2011,70.4
Syria,SYR,2012,72.2
Syria,SYR,2013,72.5
Syria,SYR,2014,73.6
Syria,SYR,2015,75.8
Syria,SYR,2016,74.4
Syria,SYR,2017,73
Syria,SYR,2018,73.2
Tajikistan,TJK,2000,68.1
Tajikistan,TJK,2001,65.5
Tajikistan,TJK,2002,65.7
Tajikistan,TJK,2003,63
Tajikistan,TJK,2004,59.8
Tajikistan,TJK,2005,53.4
Tajikistan,TJK,2006,56.4
Tajikistan,TJK,2007,63.2
Tajikistan,TJK,2008,64.3
Tajikistan,TJK,2009,67.4
Tajikistan,TJK,2010,71.3
Tajikistan,TJK,2011,70.4
Tajikistan,TJK,2012,73.1
Tajikistan,TJK,2013,72.9
Tajikistan,TJK,2014,73.4
Tajikistan,TJK,2015,74.4
Tajikistan,TJK,2016,74.8
Tajikistan,TJK,2017,74.3
Tajikistan,TJK,2018,73.6
Tanzania,TZA,2000,23.2
Tanzania,TZA,2001,28.2
Tanzania,TZA,2002,29.9
Tanzania,TZA,2003,29.9
Tanzania,TZA,2004,29.7
Tanzania,TZA,2005,30.1
Tanzania,TZA,2006,30.4
Tanzania,TZA,2007,31.7
Tanzania,TZA,2008,38.6
Tanzania,TZA,2009,38.9
Tanzania,TZA,2010,38.8
Tanzania,TZA,2011,37.6
Tanzania,TZA,2012,38.1
Tanzania,TZA,2013,37.9
Tanzania,TZA,2014,37.1
Tanzania,TZA,2015,35.6
Tanzania,TZA,2016,32.7
Tanzania,TZA,2017,36.6
Tanzania,TZA,2018,36.9
Thailand,THA,2000,66
Thailand,THA,2001,66.2
Thailand,THA,2002,65.9
Thailand,THA,2003,76.3
Thailand,THA,2004,76.8
Thailand,THA,2005,69.4
Thailand,THA,2006,69.5
Thailand,THA,2007,69.6
Thailand,THA,2008,69.7
Thailand,THA,2009,60.9
Thailand,THA,2010,61.3
Thailand,THA,2011,59.8
Thailand,THA,2012,60.6
Thailand,THA,2013,76.3
Thailand,THA,2014,76.7
Thailand,THA,2015,77.1
Thailand,THA,2016,77.1
Thailand,THA,2017,78.3
Thailand,THA,2018,77.8
Togo,TGO,2000,28
Togo,TGO,2001,29.5
Togo,TGO,2002,30.6
Togo,TGO,2003,30.6
Togo,TGO,2004,30.9
Togo,TGO,2005,30.1
Togo,TGO,2006,27.4
Togo,TGO,2007,30.6
Togo,TGO,2008,28.5
Togo,TGO,2009,33.4
Togo,TGO,2010,39.5
Togo,TGO,2011,43.1
Togo,TGO,2012,38.8
Togo,TGO,2013,37.4
Togo,TGO,2014,37.2
Togo,TGO,2015,35.5
Togo,TGO,2016,34
Togo,TGO,2017,32
Togo,TGO,2018,37.5
Tonga,TON,2000,46
Tonga,TON,2001,46.3
Tonga,TON,2002,46.3
Tonga,TON,2003,46.1
Tonga,TON,2004,46.2
Tonga,TON,2005,46.1
Tonga,TON,2006,46.3
Tonga,TON,2007,46.3
Tonga,TON,2008,46.5
Tonga,TON,2009,46.4
Tonga,TON,2010,45.9
Tonga,TON,2011,46.3
Tonga,TON,2012,46.4
Tonga,TON,2013,46.1
Tonga,TON,2014,45.9
Tonga,TON,2015,46.6
Tonga,TON,2016,46.2
Tonga,TON,2017,46.2
Tonga,TON,2018,46.1
Tunisia,TUN,2000,54
Tunisia,TUN,2001,54
Tunisia,TUN,2002,53.6
Tunisia,TUN,2003,53.5
Tunisia,TUN,2004,53.7
Tunisia,TUN,2005,54.1
Tunisia,TUN,2006,55.7
Tunisia,TUN,2007,57.6
Tunisia,TUN,2008,57.6
Tunisia,TUN,2009,55.2
Tunisia,TUN,2010,55.5
Tunisia,TUN,2011,55.8
Tunisia,TUN,2012,57.9
Tunisia,TUN,2013,65.6
Tunisia,TUN,2014,64.5
Tunisia,TUN,2015,63.4
Tunisia,TUN,2016,54.9
Tunisia,TUN,2017,54.1
Tunisia,TUN,2018,53.5
Turkey,TUR,2000,61
Turkey,TUR,2001,60.4
Turkey,TUR,2002,60
Turkey,TUR,2003,59.4
Turkey,TUR,2004,39
Turkey,TUR,2005,44.5
Turkey,TUR,2006,41.9
Turkey,TUR,2007,41.3
Turkey,TUR,2008,52.2
Turkey,TUR,2009,50.8
Turkey,TUR,2010,49
Turkey,TUR,2011,46.7
Turkey,TUR,2012,52.8
Turkey,TUR,2013,53.8
Turkey,TUR,2014,55.1
Turkey,TUR,2015,53.4
Turkey,TUR,2016,51.4
Turkey,TUR,2017,43.1
Turkey,TUR,2018,44.2
Turkmenistan,TKM,2000,61
Turkmenistan,TKM,2001,60.2
Turkmenistan,TKM,2002,61.5
Turkmenistan,TKM,2003,59.9
Turkmenistan,TKM,2004,58.8
Turkmenistan,TKM,2005,58.6
Turkmenistan,TKM,2006,56.5
Turkmenistan,TKM,2007,60.8
Turkmenistan,TKM,2008,61
Turkmenistan,TKM,2009,62.3
Turkmenistan,TKM,2010,61.2
Turkmenistan,TKM,2011,65.7
Turkmenistan,TKM,2012,65.5
Turkmenistan,TKM,2013,65.9
Turkmenistan,TKM,2014,66
Turkmenistan,TKM,2015,64.5
Turkmenistan,TKM,2016,65
Turkmenistan,TKM,2017,61.8
Turkmenistan,TKM,2018,61.2
Uganda,UGA,2000,47
Uganda,UGA,2001,48.3
Uganda,UGA,2002,50
Uganda,UGA,2003,48
Uganda,UGA,2004,46.7
Uganda,UGA,2005,53.2
Uganda,UGA,2006,51.7
Uganda,UGA,2007,43.6
Uganda,UGA,2008,43.9
Uganda,UGA,2009,43.9
Uganda,UGA,2010,44.1
Uganda,UGA,2011,52.8
Uganda,UGA,2012,55.9
Uganda,UGA,2013,54.3
Uganda,UGA,2014,56
Uganda,UGA,2015,61.3
Uganda,UGA,2016,57.6
Uganda,UGA,2017,53.9
Uganda,UGA,2018,53.4
Ukraine,UKR,2000,76.5
Ukraine,UKR,2001,76
Ukraine,UKR,2002,76.4
Ukraine,UKR,2003,74
Ukraine,UKR,2004,74
Ukraine,UKR,2005,78.1
Ukraine,UKR,2006,79.4
Ukraine,UKR,2007,79.3
Ukraine,UKR,2008,79.1
Ukraine,UKR,2009,84.1
Ukraine,UKR,2010,80.8
Ukraine,UKR,2011,83.9
Ukraine,UKR,2012,87.8
Ukraine,UKR,2013,83.4
Ukraine,UKR,2014,82.1
Ukraine,UKR,2015,81.3
Ukraine,UKR,2016,79.2
Ukraine,UKR,2017,79.6
Ukraine,UKR,2018,79.9
Uzbekistan,UZB,2000,65.7
Uzbekistan,UZB,2001,64.2
Uzbekistan,UZB,2002,63.3
Uzbekistan,UZB,2003,61.3
Uzbekistan,UZB,2004,60.2
Uzbekistan,UZB,2005,59.6
Uzbekistan,UZB,2006,59.7
Uzbekistan,UZB,2007,66.1
Uzbekistan,UZB,2008,66.3
Uzbekistan,UZB,2009,66.6
Uzbekistan,UZB,2010,67.1
Uzbekistan,UZB,2011,67.3
Uzbekistan,UZB,2012,67.4
Uzbekistan,UZB,2013,65.9
Uzbekistan,UZB,2014,62.5
Uzbekistan,UZB,2015,62.3
Uzbekistan,UZB,2016,78.3
Uzbekistan,UZB,2017,78.4
Uzbekistan,UZB,2018,78.4
Vanuatu,VUT,2000,47.1
Vanuatu,VUT,2001,47.2
Vanuatu,VUT,2002,47.4
Vanuatu,VUT,2003,46.7
Vanuatu,VUT,2004,46.5
Vanuatu,VUT,2005,46.7
Vanuatu,VUT,2006,47.1
Vanuatu,VUT,2007,47.3
Vanuatu,VUT,2008,48.7
Vanuatu,VUT,2009,48.4
Vanuatu,VUT,2010,48.1
Vanuatu,VUT,2011,48
Vanuatu,VUT,2012,47
Vanuatu,VUT,2013,48.3
Vanuatu,VUT,2014,48
Vanuatu,VUT,2015,46.9
Vanuatu,VUT,2016,47
Vanuatu,VUT,2017,46.7
Vanuatu,VUT,2018,46.9
Venezuela,VEN,2000,50.9
Venezuela,VEN,2001,51
Venezuela,VEN,2002,51.7
Venezuela,VEN,2003,51.1
Venezuela,VEN,2004,51.2
Venezuela,VEN,2005,50.5
Venezuela,VEN,2006,50
Venezuela,VEN,2007,49.4
Venezuela,VEN,2008,50
Venezuela,VEN,2009,52.2
Venezuela,VEN,2010,53.3
Venezuela,VEN,2011,53.7
Venezuela,VEN,2012,53.9
Venezuela,VEN,2013,54
Venezuela,VEN,2014,54.3
Venezuela,VEN,2015,54.8
Venezuela,VEN,2016,54.8
Venezuela,VEN,2017,54.7
Venezuela,VEN,2018,54.2
Vietnam,VNM,2000,59.2
Vietnam,VNM,2001,61.4
Vietnam,VNM,2002,63.1
Vietnam,VNM,2003,64.6
Vietnam,VNM,2004,66.5
Vietnam,VNM,2005,65.5
Vietnam,VNM,2006,61.7
Vietnam,VNM,2007,62.1
Vietnam,VNM,2008,63.5
Vietnam,VNM,2009,71.5
Vietnam,VNM,2010,73.8
Vietnam,VNM,2011,74.9
Vietnam,VNM,2012,76.6
Vietnam,VNM,2013,84.5
Vietnam,VNM,2014,85.7
Vietnam,VNM,2015,85.5
Vietnam,VNM,2016,74.9
Vietnam,VNM,2017,74.3
Vietnam,VNM,2018,74.2
Western Sahara,ESH,2000,49.9
Western Sahara,ESH,2001,49.4
Western Sahara,ESH,2002,49
Western Sahara,ESH,2003,48.8
Western Sahara,ESH,2004,56.7
Western Sahara,ESH,2005,58
Western Sahara,ESH,2006,54.4
Western Sahara,ESH,2007,54.5
Western Sahara,ESH,2008,54.1
Western Sahara,ESH,2009,53.9
Western Sahara,ESH,2010,53.7
Western Sahara,ESH,2011,53
Western Sahara,ESH,2012,54.1
Western Sahara,ESH,2013,54.7
Western Sahara,ESH,2014,54.7
Western Sahara,ESH,2015,54.2
Western Sahara,ESH,2016,54.8
Western Sahara,ESH,2017,52.6
Western Sahara,ESH,2018,51.1
Yemen,YEM,2000,42.9
Yemen,YEM,2001,43.4
Yemen,YEM,2002,43.5
Yemen,YEM,2003,38.8
Yemen,YEM,2004,39.3
Yemen,YEM,2005,40.7
Yemen,YEM,2006,41.7
Yemen,YEM,2007,43.3
Yemen,YEM,2008,45.8
Yemen,YEM,2009,46.6
Yemen,YEM,2010,60.8
Yemen,YEM,2011,64.7
Yemen,YEM,2012,66.2
Yemen,YEM,2013,68
Yemen,YEM,2014,62.7
Yemen,YEM,2015,67.1
Yemen,YEM,2016,63.3
Yemen,YEM,2017,64.7
Yemen,YEM,2018,63.6
Zambia,ZMB,2000,36.4
Zambia,ZMB,2001,36.5
Zambia,ZMB,2002,36.2
Zambia,ZMB,2003,37.6
Zambia,ZMB,2004,37.9
Zambia,ZMB,2005,38.6
Zambia,ZMB,2006,38.4
Zambia,ZMB,2007,55.3
Zambia,ZMB,2008,56.8
Zambia,ZMB,2009,47.2
Zambia,ZMB,2010,40.3
Zambia,ZMB,2011,39.3
Zambia,ZMB,2012,35.7
Zambia,ZMB,2013,42.2
Zambia,ZMB,2014,42.7
Zambia,ZMB,2015,43.2
Zambia,ZMB,2016,43.7
Zambia,ZMB,2017,44.6
Zambia,ZMB,2018,44.6
Zimbabwe,ZWE,2000,36.1
Zimbabwe,ZWE,2001,35.9
Zimbabwe,ZWE,2002,36.1
Zimbabwe,ZWE,2003,34.5
Zimbabwe,ZWE,2004,34.6
Zimbabwe,ZWE,2005,33.4
Zimbabwe,ZWE,2006,39.2
Zimbabwe,ZWE,2007,40.7
Zimbabwe,ZWE,2008,40.6
Zimbabwe,ZWE,2009,35.4
Zimbabwe,ZWE,2010,36.8
Zimbabwe,ZWE,2011,34.5
Zimbabwe,ZWE,2012,34.7
Zimbabwe,ZWE,2013,35.9
Zimbabwe,ZWE,2014,35.4
Zimbabwe,ZWE,2015,42.1
Zimbabwe,ZWE,2016,42.2
Zimbabwe,ZWE,2017,41.7
Zimbabwe,ZWE,2018,41.7