{
  "chart": {
    "title": "Share of children with symptoms of a respiratory infection who received antibiotics",
    "subtitle": "The reported share of children under five years old, with symptoms of lower respiratory tract infection, who received antibiotics for this illness, as reported by their caregiver.",
    "citation": "DHS; UN MICS; Browne AJ et al. (2021)",
    "originalChartUrl": "https://ourworldindata.org/grapher/antibiotic-usage-in-children?v=1&csvType=full&useColumnShortNames=false",
    "selection": [
      "Ethiopia",
      "Sudan",
      "Turkey",
      "Mexico"
    ]
  },
  "columns": {
    "Antibiotic usage in children": {
      "titleShort": "Antibiotic usage in children",
      "titleLong": "Antibiotic usage in children",
      "descriptionShort": "The caregiver reported share of children under five years old, with symptoms of lower respiratory tract infection, who received antibiotics for this illness.",
      "shortUnit": "%",
      "unit": "%",
      "timespan": "2000-2018",
      "type": "Numeric",
      "owidVariableId": 990526,
      "shortName": "antibiotic_usage__pct",
      "lastUpdated": "2024-10-09",
      "citationShort": "Browne AJ et al. (2021) – processed by Our World in Data",
      "citationLong": "Browne AJ et al. (2021) – processed by Our World in Data. “Antibiotic usage in children” [dataset]. Browne AJ et al., “Global Research on Antimicrobial Resistance (GRAM) - children” [original data].",
      "fullMetadata": "https://api.ourworldindata.org/v1/indicators/990526.metadata.json"
    }
  },
  "dateDownloaded": "2025-05-08",
  "activeFilters": {}
}