{
  "chart": {
    "title": "Share of children with symptoms of pneumonia who are taken to a health provider",
    "subtitle": "The estimated share of children under five years old showing symptoms of [pneumonia](#dod:pneumonia) who are taken to a health provider.",
    "citation": "World Health Organization - Global Health Observatory (2024)",
    "originalChartUrl": "https://ourworldindata.org/grapher/pneumonia-careseeking?v=1&csvType=full&useColumnShortNames=false",
    "selection": [
      "Ethiopia",
      "India",
      "South Africa",
      "Nigeria",
      "Pakistan"
    ]
  },
  "columns": {
    "Children aged < 5 years with pneumonia symptoms taken to a health facility (%) - Sex: both sexes": {
      "titleShort": "Children aged < 5 years with pneumonia symptoms taken to a health facility (%) - Sex: both sexes",
      "titleLong": "Children aged < 5 years with pneumonia symptoms taken to a health facility (%) - Sex: both sexes",
      "descriptionShort": "Percentage of children aged 0–59 months with pneumonia symptoms in the two weeks prior to the survey who were taken to an appropriate health provider. Numerator: Number of children aged 0–59 months with pneumonia symptoms in the two weeks prior to the survey who were taken to an appropriate health provider. Denominator: Total number of children aged 0–59 months with with pneumonia symptoms in the two weeks prior to the survey.",
      "unit": "%",
      "timespan": "2001-2020",
      "type": "Numeric",
      "owidVariableId": 824736,
      "shortName": "children_aged__lt__5_years_with_pneumonia_symptoms_taken_to_a_health_facility__pct__sex_both_sexes",
      "lastUpdated": "2024-01-03",
      "nextUpdate": "2025-06-08",
      "citationShort": "World Health Organization - Global Health Observatory (2024) – processed by Our World in Data",
      "citationLong": "World Health Organization - Global Health Observatory (2024) – processed by Our World in Data. “Children aged < 5 years with pneumonia symptoms taken to a health facility (%) - Sex: both sexes” [dataset]. World Health Organization, “Global Health Observatory” [original data].",
      "fullMetadata": "https://api.ourworldindata.org/v1/indicators/824736.metadata.json"
    }
  },
  "dateDownloaded": "2025-05-08",
  "activeFilters": {}
}