Entity,Code,Year,Children aged < 5 years with pneumonia symptoms taken to a health facility (%) - Sex: both sexes
Afghanistan,AFG,2010,60.397076
Afghanistan,AFG,2015,61.3306
Albania,ALB,2005,46.50368
Albania,ALB,2008,70.02983
Albania,ALB,2017,81.91266
Algeria,DZA,2012,66.37671
Algeria,DZA,2018,44.00611
Angola,AGO,2015,58.604813
Argentina,ARG,2011,94.46915
Argentina,ARG,2019,92.56971
Armenia,ARM,2010,56.749985
Azerbaijan,AZE,2006,30.31586
Bangladesh,BGD,2006,30.05944
Bangladesh,BGD,2007,34.373943
Bangladesh,BGD,2011,34.751965
Bangladesh,BGD,2012,35.381145
Bangladesh,BGD,2014,42.71421
Bangladesh,BGD,2017,37.962936
Bangladesh,BGD,2019,45.768196
Belarus,BLR,2005,89.473495
Belarus,BLR,2012,93.55178
Belarus,BLR,2019,91.7016
Belize,BLZ,2006,70.1913
Belize,BLZ,2011,82.6991
Belize,BLZ,2015,67.46101
Benin,BEN,2011,31.392426
Benin,BEN,2014,23.12492
Benin,BEN,2017,39.378326
Bhutan,BTN,2010,73.79585
Bosnia and Herzegovina,BIH,2006,91.166084
Bosnia and Herzegovina,BIH,2011,86.28904
Burkina Faso,BFA,2006,35.974464
Burkina Faso,BFA,2010,56.013382
Burundi,BDI,2005,37.695606
Burundi,BDI,2010,54.712914
Burundi,BDI,2016,58.32055
Cambodia,KHM,2005,48.512917
Cambodia,KHM,2010,64.33389
Cambodia,KHM,2014,69.02141
Cameroon,CMR,2006,34.529327
Cameroon,CMR,2011,29.920494
Cameroon,CMR,2014,26.692299
Cameroon,CMR,2018,29.310204
Central African Republic,CAF,2006,31.85191
Central African Republic,CAF,2010,29.83522
Central African Republic,CAF,2018,34.223076
Chad,TCD,2010,26.162556
Chad,TCD,2014,25.780035
Chad,TCD,2019,17.276829
Colombia,COL,2010,50.792656
Comoros,COM,2012,37.831436
Congo,COG,2011,51.631466
Congo,COG,2014,28.258656
Costa Rica,CRI,2011,77.64817
Costa Rica,CRI,2018,75.36594
Cote d'Ivoire,CIV,2006,35.50271
Cote d'Ivoire,CIV,2011,37.938812
Cote d'Ivoire,CIV,2016,43.379776
Cuba,CUB,2010,96.76451
Cuba,CUB,2014,92.173965
Cuba,CUB,2019,84.8012
Democratic Republic of Congo,COD,2010,40.73627
Democratic Republic of Congo,COD,2013,41.580902
Democratic Republic of Congo,COD,2017,34.650368
Djibouti,DJI,2006,62.155136
Dominican Republic,DOM,2007,67.04758
Dominican Republic,DOM,2013,66.12007
Dominican Republic,DOM,2014,72.26245
Dominican Republic,DOM,2019,84.04709
East Timor,TLS,2009,70.86345
East Timor,TLS,2016,71.19896
Egypt,EGY,2005,63.564842
Egypt,EGY,2008,72.96366
Egypt,EGY,2014,67.47864
El Salvador,SLV,2014,79.76433
Eswatini,SWZ,2006,71.921364
Eswatini,SWZ,2010,57.646988
Eswatini,SWZ,2014,59.64741
Ethiopia,ETH,2005,22.682165
Ethiopia,ETH,2011,27.032755
Ethiopia,ETH,2016,29.409454
Gabon,GAB,2012,48.738316
Gambia,GMB,2005,69.09637
Gambia,GMB,2010,68.844604
Gambia,GMB,2013,67.24945
Gambia,GMB,2018,49.60427
Gambia,GMB,2019,63.007874
Georgia,GEO,2005,73.62286
Ghana,GHA,2006,33.577522
Ghana,GHA,2008,50.66164
Ghana,GHA,2011,41.38234
Ghana,GHA,2014,52.616573
Ghana,GHA,2017,51.728798
Guatemala,GTM,2014,51.991356
Guinea,GIN,2012,37.3181
Guinea,GIN,2016,29.61103
Guinea,GIN,2018,69.7169
Guinea-Bissau,GNB,2006,56.583252
Guinea-Bissau,GNB,2014,34.737793
Guinea-Bissau,GNB,2018,38.13817
Guyana,GUY,2006,64.92111
Guyana,GUY,2009,65.25998
Guyana,GUY,2014,85.299774
Guyana,GUY,2019,73.62002
Haiti,HTI,2005,31.619164
Haiti,HTI,2012,37.829613
Haiti,HTI,2016,39.52664
Honduras,HND,2001,47.085846
Honduras,HND,2005,54.955704
Honduras,HND,2011,63.890938
Honduras,HND,2019,68.47777
India,IND,2005,68.45766
India,IND,2015,77.777435
Indonesia,IDN,2012,75.239944
Indonesia,IDN,2017,74.89976
Iraq,IRQ,2006,81.67229
Iraq,IRQ,2011,74.13364
Iraq,IRQ,2018,39.54322
Jamaica,JAM,2005,75.239105
Jamaica,JAM,2011,81.81496
Jordan,JOR,2007,74.327835
Jordan,JOR,2012,76.54049
Jordan,JOR,2017,60.7094
Kazakhstan,KAZ,2006,69.58983
Kazakhstan,KAZ,2010,81.04363
Kenya,KEN,2008,55.837776
Kenya,KEN,2014,65.6652
Kiribati,KIR,2018,87.06142
Kyrgyzstan,KGZ,2005,62.94254
Kyrgyzstan,KGZ,2012,34.65602
Kyrgyzstan,KGZ,2014,59.47957
Laos,LAO,2006,32.19228
Laos,LAO,2011,54.57306
Laos,LAO,2017,38.94966
Lesotho,LSO,2009,66.008896
Lesotho,LSO,2014,63.069893
Lesotho,LSO,2018,53.987484
Liberia,LBR,2007,62.19021
Liberia,LBR,2013,50.29037
Liberia,LBR,2019,57.815247
Madagascar,MDG,2008,41.839027
Madagascar,MDG,2018,40.04667
Malawi,MWI,2006,51.749004
Malawi,MWI,2010,70.35269
Malawi,MWI,2013,68.05393
Malawi,MWI,2015,74.44293
Malawi,MWI,2019,69.8042
Mali,MLI,2009,36.1867
Mali,MLI,2012,26.301746
Mali,MLI,2015,22.94743
Mali,MLI,2018,34.601776
Mauritania,MRT,2007,40.31936
Mauritania,MRT,2011,43.154354
Mauritania,MRT,2015,33.73394
Mexico,MEX,2015,72.60367
Moldova,MDA,2012,78.15297
Mongolia,MNG,2005,62.550346
Mongolia,MNG,2010,86.899826
Mongolia,MNG,2013,70.29257
Mongolia,MNG,2018,76.886795
Mozambique,MOZ,2008,65.32432
Mozambique,MOZ,2011,50.185608
Mozambique,MOZ,2015,59.51854
Myanmar,MMR,2015,56.699104
Namibia,NAM,2006,72.71643
Namibia,NAM,2013,67.569016
Nepal,NPL,2006,43.007076
Nepal,NPL,2010,50.899876
Nepal,NPL,2011,49.560806
Nepal,NPL,2014,50.30538
Nepal,NPL,2016,54.31453
Nepal,NPL,2019,79.175156
Niger,NER,2012,53.19491
Nigeria,NGA,2007,40.99226
Nigeria,NGA,2008,45.403854
Nigeria,NGA,2011,39.7841
Nigeria,NGA,2013,34.50924
Nigeria,NGA,2016,23.660666
Nigeria,NGA,2018,67.81515
North Macedonia,MKD,2005,91.75731
Pakistan,PAK,2006,69.17022
Pakistan,PAK,2012,64.326324
Pakistan,PAK,2017,78.58774
Panama,PAN,2013,81.65973
Papua New Guinea,PNG,2016,62.847553
Paraguay,PRY,2008,88.67706
Paraguay,PRY,2016,89.313385
Peru,PER,2006,70.66071
Peru,PER,2007,66.04603
Peru,PER,2008,73.56528
Peru,PER,2009,72.065994
Peru,PER,2010,68.321846
Peru,PER,2011,67.58662
Peru,PER,2012,67.11822
Peru,PER,2013,64.45253
Peru,PER,2014,65.698654
Peru,PER,2015,67.42909
Peru,PER,2016,67.54938
Peru,PER,2017,66.5434
Peru,PER,2018,70.04595
Peru,PER,2019,70.18022
Peru,PER,2020,57.09305
Philippines,PHL,2008,50.70999
Philippines,PHL,2013,63.868248
Philippines,PHL,2017,64.89325
Rwanda,RWA,2010,50.25791
Rwanda,RWA,2014,53.91985
Rwanda,RWA,2019,65.61914
Samoa,WSM,2019,70.12869
Sao Tome and Principe,STP,2008,75.02861
Sao Tome and Principe,STP,2014,68.568085
Sao Tome and Principe,STP,2019,86.75311
Senegal,SEN,2010,49.689438
Senegal,SEN,2012,53.064754
Senegal,SEN,2014,41.238594
Senegal,SEN,2015,48.192802
Senegal,SEN,2016,48.098835
Senegal,SEN,2017,52.003925
Senegal,SEN,2018,46.861588
Senegal,SEN,2019,47.469193
Serbia,SRB,2005,92.288315
Serbia,SRB,2010,90.02922
Sierra Leone,SLE,2005,47.75941
Sierra Leone,SLE,2008,45.804794
Sierra Leone,SLE,2010,73.815186
Sierra Leone,SLE,2013,71.69293
Sierra Leone,SLE,2017,73.32936
Sierra Leone,SLE,2019,76.28714
Somalia,SOM,2006,12.906185
South Africa,ZAF,2016,65.24739
South Sudan,SSD,2010,47.608597
Sudan,SDN,2010,55.740532
Sudan,SDN,2014,48.27565
Suriname,SUR,2006,76.3135
Suriname,SUR,2010,77.425064
Suriname,SUR,2018,82.70157
Syria,SYR,2006,76.37032
Tajikistan,TJK,2005,64.392075
Tajikistan,TJK,2012,63.394157
Tajikistan,TJK,2017,59.04864
Tanzania,TZA,2010,70.50828
Tanzania,TZA,2015,39.995346
Thailand,THA,2005,84.156876
Thailand,THA,2012,82.868095
Thailand,THA,2015,79.94702
Togo,TGO,2006,22.755997
Togo,TGO,2010,32.277317
Togo,TGO,2013,48.463844
Togo,TGO,2017,37.260773
Trinidad and Tobago,TTO,2011,74.25076
Tunisia,TUN,2011,59.359184
Tunisia,TUN,2018,56.829445
Uganda,UGA,2006,73.26235
Uganda,UGA,2011,78.83592
Uganda,UGA,2016,71.24392
Ukraine,UKR,2012,92.07947
Uruguay,URY,2012,89.33853
Uzbekistan,UZB,2006,66.83818
Vietnam,VNM,2006,82.551605
Vietnam,VNM,2010,73.26306
Vietnam,VNM,2013,80.49831
Yemen,YEM,2006,43.240242
Yemen,YEM,2013,33.650764
Zambia,ZMB,2007,68.27556
Zambia,ZMB,2013,69.73277
Zambia,ZMB,2018,75.57629
Zimbabwe,ZWE,2005,25.18777
Zimbabwe,ZWE,2009,42.591675
Zimbabwe,ZWE,2010,48.117058
Zimbabwe,ZWE,2014,58.639877
Zimbabwe,ZWE,2015,51.31317
Zimbabwe,ZWE,2019,43.016495